total_bill,tip,sex,smoker,day,time,size
24.98,3.65,Female,Yes,Sat,Dinner,4
48.03,4.47,Male,No,Fri,Dinner,6
39.28,8.66,Male,No,Fri,Dinner,3
33.95,3.85,Male,No,Sat,Lunch,5
16.24,2.53,Male,Yes,Sat,Lunch,1
16.24,6.01,Male,No,Sat,Dinner,5
12.32,9.43,Female,No,Sun,Lunch,6
44.65,7.26,Male,Yes,Fri,Lunch,6
34.04,6.13,Female,No,Sun,Lunch,1
38.32,1.87,Female,Yes,Sun,Lunch,2
10.82,6.54,Male,Yes,Sat,Dinner,1
48.8,9.91,Male,Yes,Sat,Lunch,4
43.3,2.26,Female,Yes,Thur,Lunch,3
18.49,5.66,Male,Yes,Thur,Lunch,2
17.27,8.9,Male,No,Sun,Lunch,1
17.34,7.67,Female,Yes,Fri,Dinner,5
22.17,7.27,Female,Yes,Sat,Dinner,2
30.99,7.32,Male,No,Sat,Lunch,2
27.28,4.24,Female,Yes,Sun,Lunch,1
21.65,3.64,Male,No,Thur,Lunch,2
34.47,8.28,Male,No,Fri,Lunch,5
15.58,8.29,Male,No,Thur,Lunch,6
21.69,8.8,Female,Yes,Thur,Lunch,2
24.65,9.22,Female,Yes,Thur,Dinner,6
28.24,5.6,Female,Yes,Thur,Lunch,5
41.41,5.51,Female,No,Sat,Dinner,1
17.99,8.18,Female,Yes,Sat,Dinner,3
30.57,6.85,Male,Yes,Thur,Lunch,2
33.7,7.32,Male,Yes,Fri,Dinner,3
11.86,8.16,Male,No,Sun,Dinner,5
34.3,9.01,Male,No,Fri,Dinner,2
16.82,4.04,Female,Yes,Fri,Dinner,6
12.6,4.38,Male,Yes,Fri,Dinner,4
47.96,1.85,Female,Yes,Thur,Dinner,3
48.63,6.2,Male,Yes,Sat,Lunch,2
42.34,1.32,Female,No,Fri,Dinner,3
22.18,5.19,Female,No,Thur,Dinner,2
13.91,5.88,Male,No,Fri,Dinner,1
37.37,3.58,Male,No,Fri,Lunch,6
27.61,6.32,Male,Yes,Thur,Dinner,3
14.88,1.27,Male,Yes,Sat,Lunch,4
29.81,1.34,Female,Yes,Sat,Dinner,4
11.38,8.4,Male,No,Sun,Lunch,5
46.37,4.24,Male,Yes,Thur,Lunch,2
20.35,2.14,Female,No,Sun,Dinner,3
36.5,5.7,Male,No,Sun,Dinner,5
22.47,7.93,Male,Yes,Sun,Lunch,3
30.8,2.94,Male,Yes,Sat,Dinner,2
31.87,6.61,Male,Yes,Thur,Lunch,4
17.39,1.77,Male,No,Sun,Lunch,1
48.78,1.47,Female,Yes,Thur,Lunch,4
41.01,5.78,Male,No,Thur,Lunch,5
47.58,5.87,Male,Yes,Sat,Lunch,6
45.79,6.74,Male,No,Sun,Dinner,1
33.92,7.53,Male,No,Sun,Lunch,5
46.87,9.78,Male,Yes,Thur,Lunch,2
13.54,5.65,Female,No,Fri,Dinner,1
17.84,3.91,Male,No,Sat,Lunch,5
11.81,8.16,Female,Yes,Sat,Dinner,2
23.01,3.44,Female,No,Sat,Dinner,4
25.55,4.95,Male,Yes,Sat,Dinner,6
20.85,1.71,Male,No,Sun,Lunch,2
43.15,1.23,Male,Yes,Sun,Lunch,3
24.27,9.66,Male,Yes,Fri,Lunch,2
21.24,8.52,Female,No,Sat,Dinner,2
31.71,7.26,Male,No,Sat,Lunch,6
15.64,4.68,Male,No,Thur,Dinner,3
42.09,2.56,Male,No,Sun,Lunch,5
12.98,2.41,Male,No,Sat,Dinner,5
49.48,3.25,Male,Yes,Fri,Lunch,2
40.89,5.94,Male,No,Fri,Lunch,3
17.95,7.43,Female,Yes,Sun,Lunch,3
10.22,6.94,Female,Yes,Fri,Dinner,6
42.62,3.52,Male,No,Fri,Dinner,4
38.27,9.59,Male,Yes,Sun,Lunch,5
39.16,7.64,Male,Yes,Sat,Lunch,6
40.85,5.99,Female,Yes,Sat,Dinner,1
12.96,6.51,Male,Yes,Fri,Dinner,5
24.34,4.78,Female,No,Fri,Dinner,6
14.63,3.23,Male,Yes,Sat,Lunch,5
44.52,4.2,Male,No,Sun,Dinner,4
34.93,7.82,Male,No,Fri,Lunch,1
23.24,1.13,Male,Yes,Thur,Dinner,4
12.54,2.04,Female,No,Sun,Lunch,1
22.44,1.41,Female,No,Fri,Dinner,2
23.01,1.37,Male,No,Fri,Dinner,6
39.18,8.7,Male,Yes,Thur,Dinner,1
35.5,7.33,Female,No,Thur,Dinner,4
45.49,5.27,Female,No,Sat,Dinner,5
28.89,1.88,Female,No,Sun,Lunch,1
14.78,5.42,Female,Yes,Sun,Dinner,6
38.53,5.26,Male,No,Sat,Dinner,1
40.43,2.56,Female,Yes,Sun,Dinner,3
32.45,4.9,Male,Yes,Sun,Lunch,5
40.84,4.59,Female,Yes,Sun,Dinner,6
29.75,6.54,Female,Yes,Sun,Lunch,6
30.91,6.72,Female,Yes,Sun,Dinner,2
27.1,1.41,Female,Yes,Thur,Dinner,4
11.02,4.37,Female,No,Sun,Lunch,2
14.32,6.63,Male,Yes,Thur,Dinner,6
11.26,5.53,Male,No,Sun,Lunch,5
35.46,8.71,Female,No,Sat,Lunch,1
22.57,6.93,Female,Yes,Fri,Dinner,1
30.34,2.47,Male,No,Thur,Lunch,5
46.3,1.64,Female,No,Sun,Dinner,6
19.97,6.78,Female,No,Sat,Dinner,1
26.42,1.24,Male,No,Fri,Lunch,1
40.22,6.27,Female,Yes,Thur,Lunch,1
19.15,9.46,Female,No,Fri,Lunch,4
13.08,6.18,Male,Yes,Sat,Lunch,4
21.59,4.49,Male,No,Thur,Dinner,3
16.45,6.79,Male,No,Fri,Dinner,2
47.19,5.12,Female,Yes,Sun,Lunch,5
42.32,5.91,Male,No,Thur,Dinner,5
35.34,9.47,Male,No,Fri,Dinner,5
44.86,4.47,Male,No,Sat,Dinner,3
42.15,9.65,Male,Yes,Sat,Dinner,4
17.46,9.15,Male,No,Thur,Lunch,6
45.7,2.76,Male,Yes,Fri,Lunch,6
31.57,1.62,Female,No,Thur,Dinner,3
42.3,1.91,Female,Yes,Thur,Lunch,6
45.84,1.16,Male,Yes,Fri,Lunch,5
22.72,1.85,Male,No,Fri,Lunch,2
14.4,7.15,Male,No,Sun,Dinner,1
19.12,1.64,Female,Yes,Fri,Dinner,4
27.08,3.87,Female,Yes,Sat,Dinner,4
42.72,8.6,Female,No,Thur,Lunch,3
44.43,1.21,Female,Yes,Thur,Dinner,4
10.28,8.33,Female,No,Sat,Dinner,5
30.43,3.54,Female,No,Fri,Lunch,6
26.7,2.06,Female,No,Sat,Dinner,5
18.88,7.27,Female,No,Sat,Dinner,3
14.79,6.66,Female,Yes,Sun,Lunch,5
23.5,8.9,Male,No,Sat,Lunch,6
47.72,7.62,Male,Yes,Thur,Lunch,2
22.93,8.23,Male,No,Sat,Dinner,3
30.75,3.54,Male,Yes,Thur,Dinner,2
38.12,2.6,Female,No,Thur,Dinner,1
24.55,7.76,Female,Yes,Thur,Lunch,2
48.87,8.26,Male,Yes,Fri,Lunch,1
48.5,9.91,Female,No,Sun,Dinner,1
20.07,4.71,Male,No,Thur,Dinner,2
29.89,4.35,Female,No,Thur,Lunch,3
22.04,7.99,Male,No,Fri,Lunch,6
21.39,4.07,Female,Yes,Thur,Lunch,5
11.48,9.38,Female,No,Sat,Lunch,5
34.38,8.73,Male,Yes,Sat,Dinner,6
30.11,4.86,Female,Yes,Sun,Lunch,1
12.06,7.76,Male,No,Thur,Dinner,1
21.15,7.79,Male,Yes,Fri,Dinner,3
46.33,1.93,Male,Yes,Sat,Dinner,4
19.58,9.12,Male,Yes,Fri,Lunch,2
15.8,5.55,Female,Yes,Fri,Lunch,1
29.58,8.44,Female,No,Sat,Lunch,5
49.43,3.88,Female,No,Fri,Lunch,3
19.68,9.06,Male,No,Sat,Dinner,2
36.89,4.5,Female,No,Fri,Lunch,3
40.46,1.1,Male,Yes,Sat,Lunch,2
19.51,9.15,Female,Yes,Thur,Dinner,2
39.13,1.82,Female,No,Sun,Lunch,6
24.71,3.87,Female,No,Sat,Dinner,1
35.29,9.55,Male,No,Sat,Dinner,3
35.34,9.56,Female,Yes,Sun,Dinner,3
31.43,6.16,Female,No,Sat,Dinner,6
13.61,6.69,Male,No,Sat,Dinner,5
43.41,5.04,Female,No,Fri,Dinner,5
22.83,3.64,Male,Yes,Sun,Dinner,1
17.46,3.96,Female,Yes,Thur,Dinner,1
11.63,7.05,Male,Yes,Sat,Lunch,4
33.64,7.77,Male,Yes,Sun,Lunch,6
37.1,8.12,Female,Yes,Fri,Lunch,5
10.66,8.11,Male,Yes,Thur,Lunch,2
30.48,1.82,Male,Yes,Sun,Dinner,3
19.06,5.45,Male,Yes,Thur,Lunch,1
35.81,1.52,Male,No,Thur,Dinner,3
16.97,5.95,Male,No,Thur,Lunch,3
37.64,4.97,Male,Yes,Sat,Lunch,4
25.47,8.99,Female,Yes,Sat,Lunch,5
47.47,4.16,Male,No,Fri,Dinner,1
15.5,2.05,Male,Yes,Fri,Lunch,3
23.64,2.29,Female,Yes,Sun,Dinner,1
14.54,7.85,Female,Yes,Fri,Dinner,2
46.99,6.56,Female,No,Thur,Lunch,4
45.09,1.91,Female,No,Thur,Lunch,2
20.32,1.76,Female,No,Sat,Lunch,1
36.4,7.31,Female,No,Thur,Dinner,1
42.69,1.65,Female,No,Sun,Lunch,5
32.21,8.4,Male,Yes,Thur,Dinner,3
31.19,7.36,Male,No,Thur,Dinner,3
19.67,1.73,Female,Yes,Sun,Lunch,2
13.72,1.76,Male,Yes,Fri,Lunch,4
45.89,9.88,Male,No,Fri,Dinner,6
46.02,4.37,Male,No,Sun,Dinner,3
35.32,4.34,Female,Yes,Sat,Dinner,5
23.56,8.32,Female,Yes,Thur,Lunch,2
23.97,9.53,Male,Yes,Sun,Dinner,2
39.04,9.87,Female,No,Thur,Lunch,6
45.88,7.78,Male,No,Sat,Dinner,5
45.48,4.39,Male,No,Thur,Dinner,4
41.2,1.75,Male,No,Sun,Lunch,5
35.68,7.99,Male,No,Thur,Dinner,4
13.37,6.03,Female,Yes,Fri,Lunch,5
16.47,4.82,Female,No,Sat,Lunch,5
45.94,9.16,Female,Yes,Sat,Dinner,1
34.26,2.0,Male,Yes,Sat,Lunch,2
10.37,5.43,Female,Yes,Sun,Lunch,5
14.06,1.1,Male,No,Sat,Dinner,6
36.54,5.22,Female,No,Fri,Lunch,5
10.2,1.51,Male,No,Sun,Lunch,3
16.43,2.07,Male,Yes,Fri,Lunch,2
31.95,2.06,Male,Yes,Thur,Dinner,3
37.68,6.84,Female,Yes,Thur,Lunch,2
36.08,7.71,Female,Yes,Thur,Dinner,3
18.97,6.25,Female,Yes,Thur,Dinner,5
38.49,9.66,Female,Yes,Fri,Lunch,5
19.49,4.37,Male,No,Sun,Lunch,1
23.02,3.57,Female,No,Sun,Lunch,6
39.86,8.82,Female,No,Sat,Dinner,3
35.99,3.01,Male,No,Fri,Lunch,4
43.97,9.67,Male,Yes,Thur,Lunch,1
36.3,1.11,Male,Yes,Fri,Lunch,3
32.73,9.73,Female,No,Sat,Lunch,3
13.75,1.39,Male,Yes,Sat,Lunch,1
24.71,9.02,Male,No,Fri,Dinner,5
20.61,5.75,Male,No,Fri,Dinner,3
19.76,9.94,Female,No,Fri,Lunch,5
48.92,1.66,Male,Yes,Sun,Lunch,1
25.72,5.98,Female,No,Thur,Lunch,5
45.68,9.72,Female,No,Fri,Lunch,2
35.25,5.71,Male,No,Fri,Dinner,4
41.79,6.66,Male,Yes,Fri,Lunch,3
30.11,7.26,Female,Yes,Sat,Dinner,6
33.08,5.09,Male,No,Sat,Dinner,4
29.7,6.65,Male,Yes,Sun,Lunch,5
17.81,6.26,Female,Yes,Thur,Dinner,3
38.9,9.11,Female,Yes,Sun,Dinner,5
21.23,1.41,Male,Yes,Thur,Dinner,2
10.97,3.53,Female,Yes,Sat,Dinner,1
35.82,9.55,Male,Yes,Sat,Lunch,3
17.08,9.01,Male,Yes,Sat,Lunch,2
47.62,5.1,Male,Yes,Sun,Dinner,2
48.16,6.58,Female,Yes,Fri,Lunch,3
46.59,3.5,Male,Yes,Fri,Lunch,5
24.81,2.69,Male,No,Sat,Lunch,6
10.62,5.17,Male,No,Fri,Lunch,2
47.13,4.18,Female,Yes,Fri,Lunch,4
27.13,6.25,Female,No,Sun,Dinner,2
48.67,1.7,Female,No,Thur,Lunch,6
48.54,9.77,Female,Yes,Sat,Lunch,5
44.12,9.88,Female,Yes,Sat,Lunch,5
