survived,pclass,sex,age,sibsp,parch,fare,embarked,class,who,adult_male,deck,embark_town,alive,alone
0,3,male,32.692101693986544,1,1,37.69192958450222,S,Third,man,True,nan,Southampton,no,False
1,3,male,27.924879713715214,1,0,9.365113591056613,S,Third,man,True,F,Southampton,yes,False
1,2,female,17.701240288327018,0,0,11.379384063499764,S,Second,woman,False,B,Southampton,yes,True
0,3,female,10.224499312105959,0,0,5.0,Q,Third,woman,False,G,Queenstown,no,True
0,1,male,5.58612636713943,0,0,31.97070404398948,S,First,man,False,B,Southampton,no,True
0,2,male,31.666257684755646,1,0,5.0,C,Second,man,True,B,Cherbourg,no,False
0,3,male,8.64553273673162,0,0,27.315398768223602,S,Third,man,False,B,Southampton,no,True
1,1,male,14.126581668783636,0,0,61.13652639733176,C,First,man,False,A,Cherbourg,yes,True
0,1,male,26.947497705224922,0,0,66.4460597181517,Q,First,man,True,A,Queenstown,no,True
1,1,female,0.0,0,3,17.882670083836288,S,First,woman,False,G,Southampton,yes,False
0,1,male,40.905715968616015,0,0,18.4469251139814,Q,First,man,True,E,Queenstown,no,True
1,1,female,0.0,1,2,5.0,C,First,woman,False,C,Cherbourg,yes,False
1,3,male,28.91678652134118,0,0,33.329507242871,S,Third,man,True,A,Southampton,yes,True
0,2,male,30.21026917232005,0,0,51.65459400550005,C,Second,man,True,nan,Cherbourg,no,True
0,3,female,37.53286408254532,1,0,8.41742258260026,C,Third,woman,False,F,Cherbourg,no,False
0,3,male,29.416468766541488,1,0,16.409177816271267,S,Third,man,True,A,Southampton,no,False
0,2,male,58.25071149366534,0,0,54.760605098607215,S,Second,man,True,nan,Southampton,no,True
0,2,male,33.02843634195901,0,0,62.896524463063805,S,Second,man,True,B,Southampton,no,True
0,2,female,44.75057358941124,0,1,8.35889425365331,S,Second,woman,False,A,Southampton,no,False
0,3,female,19.87152067581597,2,1,23.993297329981072,S,Third,woman,False,G,Southampton,no,False
0,2,male,31.69059528665255,0,0,6.414112252096941,C,Second,man,True,F,Cherbourg,no,True
0,3,male,51.665981330404975,2,0,5.0,S,Third,man,True,F,Southampton,no,False
0,2,male,26.672268254345028,1,0,72.61421324670957,S,Second,man,True,E,Southampton,no,False
0,3,female,32.69128669873324,0,0,51.52865634704179,S,Third,woman,False,D,Southampton,no,True
0,2,female,43.73194828792465,0,0,42.81785371185475,S,Second,woman,False,D,Southampton,no,True
1,2,male,19.608786717317116,0,2,5.0,Q,Second,man,True,C,Queenstown,yes,False
0,3,male,0.0,0,0,55.68486818763909,S,Third,man,False,nan,Southampton,no,True
0,3,male,33.578031151973164,0,0,17.28995577125704,S,Third,man,True,nan,Southampton,no,True
0,1,female,43.84136837101204,0,0,12.574530580651274,S,First,woman,False,G,Southampton,no,True
0,3,female,11.079759291512401,3,0,23.72123655456934,C,Third,woman,False,nan,Cherbourg,no,False
0,3,male,39.38307856188274,0,0,5.0,Q,Third,man,True,A,Queenstown,no,True
0,3,male,39.47752942275353,1,0,42.3972108909257,Q,Third,man,True,G,Queenstown,no,False
0,3,male,0.0,0,0,26.19945726964861,S,Third,man,False,nan,Southampton,no,True
1,2,female,16.891959146305187,0,0,6.1956033181638785,C,Second,woman,False,D,Cherbourg,yes,True
1,1,male,24.458397069756728,0,0,6.256228200648309,C,First,man,True,G,Cherbourg,yes,True
1,2,female,27.48526399670668,0,3,6.10937071557523,S,Second,woman,False,A,Southampton,yes,False
0,3,male,19.596120293248227,2,0,5.0,C,Third,man,True,E,Cherbourg,no,False
0,3,male,18.841960749849452,0,0,26.587285460940848,S,Third,man,True,C,Southampton,no,True
1,2,male,53.400760476549294,0,0,55.04279834532804,S,Second,man,True,E,Southampton,yes,True
0,1,male,28.49417215397528,0,0,5.0,S,First,man,True,D,Southampton,no,True
0,3,male,20.26938875790365,0,0,5.0,S,Third,man,True,B,Southampton,no,True
0,3,female,29.4236273232243,0,1,25.513002501385678,S,Third,woman,False,D,Southampton,no,False
0,3,female,37.51927166285601,1,0,51.36001793449528,S,Third,woman,False,C,Southampton,no,False
1,1,male,30.72276927395691,1,0,11.868661386865499,C,First,man,True,A,Cherbourg,yes,False
0,2,male,27.119813728408374,0,0,12.90569578145552,C,Second,man,True,nan,Cherbourg,no,True
1,1,female,20.899766638613656,0,0,27.21595308297151,Q,First,woman,False,nan,Queenstown,yes,True
0,3,female,20.730168163453612,0,1,9.614956286025881,S,Third,woman,False,E,Southampton,no,False
0,1,male,21.630682589204966,0,1,5.0,S,First,man,True,D,Southampton,no,False
0,3,female,34.74340441135032,0,0,39.86664472431868,S,Third,woman,False,nan,Southampton,no,True
0,2,male,16.08147870637498,0,1,29.476915732387265,S,Second,man,False,E,Southampton,no,False
1,3,male,35.505769128583104,0,0,26.079065621965984,C,Third,man,True,D,Cherbourg,yes,True
1,3,female,49.78192657877562,0,3,40.607164100369964,S,Third,woman,False,C,Southampton,yes,False
1,3,female,34.5599030093848,0,0,33.73921855304647,S,Third,woman,False,E,Southampton,yes,True
1,1,female,24.82580259516008,0,3,6.915695978428045,Q,First,woman,False,D,Queenstown,yes,False
0,1,male,11.826223609235175,0,0,13.038216441206274,S,First,man,False,A,Southampton,no,True
1,1,male,52.0934953107612,0,0,5.0,C,First,man,True,C,Cherbourg,yes,True
0,3,female,13.619752891615226,1,0,5.0,S,Third,woman,False,nan,Southampton,no,False
0,3,male,41.87986848266047,0,3,33.82848303559954,S,Third,man,True,nan,Southampton,no,False
0,3,male,38.9392500483228,0,1,58.68489846344115,C,Third,man,True,nan,Cherbourg,no,False
0,3,male,26.685239558503167,0,0,98.68907688212407,S,Third,man,True,G,Southampton,no,True
0,3,male,26.31829674707051,1,0,29.693849160623078,S,Third,man,True,B,Southampton,no,False
0,1,male,4.3000421634257115,0,0,6.103953075400402,S,First,man,False,A,Southampton,no,True
1,3,female,34.6209100113767,0,0,5.0,S,Third,woman,False,C,Southampton,yes,True
0,2,male,38.67896865354127,0,0,50.275501075944746,C,Second,man,True,E,Cherbourg,no,True
0,2,male,14.752878373930736,1,0,25.936325147463457,S,Second,man,False,nan,Southampton,no,False
0,3,male,27.81849935939256,2,1,28.89243231527973,S,Third,man,True,A,Southampton,no,False
0,1,female,30.5300668101253,0,0,45.62387317960883,S,First,woman,False,C,Southampton,no,True
1,1,female,38.184016791293956,1,1,36.44871008406067,C,First,woman,False,C,Cherbourg,yes,False
0,3,male,30.053243065724622,2,0,53.95595602112111,S,Third,man,True,E,Southampton,no,False
1,1,female,7.231529044537822,2,0,5.0,S,First,woman,False,C,Southampton,yes,False
1,3,female,22.58087122752515,0,0,41.29277289887711,Q,Third,woman,False,nan,Queenstown,yes,True
0,2,female,33.14476099544627,0,0,57.08463765296111,S,Second,woman,False,A,Southampton,no,True
0,2,female,41.78139678855663,0,0,10.111844088795863,C,Second,woman,False,D,Cherbourg,no,True
1,2,male,21.353087468480545,1,0,30.686833432327894,S,Second,man,True,nan,Southampton,yes,False
1,2,female,60.627098243700274,0,0,11.313417714801798,C,Second,woman,False,nan,Cherbourg,yes,True
1,3,male,3.477377036282495,0,0,95.08191013805745,S,Third,man,False,D,Southampton,yes,True
1,2,female,22.108197549189384,0,0,5.0,S,Second,woman,False,A,Southampton,yes,True
0,3,female,28.837529551101174,1,0,26.010223809989835,S,Third,woman,False,B,Southampton,no,False
0,3,female,27.189511710259904,1,1,5.463774972259198,S,Third,woman,False,A,Southampton,no,False
0,3,female,12.750007382592344,0,1,37.36679077837307,S,Third,woman,False,F,Southampton,no,False
1,3,male,36.27006446852511,1,0,5.8035482023666285,S,Third,man,True,C,Southampton,yes,False
1,3,male,35.195316718394906,0,0,8.051416999247019,C,Third,man,True,G,Cherbourg,yes,True
0,1,female,30.671460243741652,1,0,20.458551194944576,C,First,woman,False,E,Cherbourg,no,False
0,1,female,34.645814085619214,0,2,73.89492421612421,S,First,woman,False,nan,Southampton,no,False
0,2,male,24.067130239727568,0,0,7.136843487236593,C,Second,man,True,G,Cherbourg,no,True
0,3,male,7.356918698480051,2,0,5.0,S,Third,man,False,D,Southampton,no,False
1,1,male,19.967041819268573,0,0,42.685866501787046,S,First,man,True,E,Southampton,yes,True
1,3,female,32.19876413973218,1,0,20.83161040509381,Q,Third,woman,False,E,Queenstown,yes,False
1,3,female,32.27842180784954,0,0,72.83938609068014,S,Third,woman,False,E,Southampton,yes,True
0,2,male,30.57930673620187,0,1,5.0,S,Second,man,True,nan,Southampton,no,False
0,3,male,37.68191575179044,0,0,31.147640836963614,S,Third,man,True,nan,Southampton,no,True
1,1,female,21.86395536369977,0,0,7.953327692413867,S,First,woman,False,nan,Southampton,yes,True
1,1,female,30.373534799547503,0,0,5.115125169869841,S,First,woman,False,C,Southampton,yes,True
0,3,male,38.0092988976689,0,0,34.50627136145437,C,Third,man,True,F,Cherbourg,no,True
1,3,male,28.811542540967054,0,1,27.01876868032991,S,Third,man,True,nan,Southampton,yes,False
0,3,male,12.593465002314616,0,0,42.17379194171599,S,Third,man,False,nan,Southampton,no,True
0,2,male,16.539162824822473,3,1,11.108553295219716,S,Second,man,False,G,Southampton,no,False
0,2,male,41.63193253991113,2,0,17.824676606686403,C,Second,man,True,C,Cherbourg,no,False
0,3,female,49.49461028119602,0,0,15.599607634324906,Q,Third,woman,False,A,Queenstown,no,True
0,3,female,46.453963509536685,1,2,124.223212367755,S,Third,woman,False,D,Southampton,no,False
0,3,male,33.25018329638849,0,0,10.369886428163332,S,Third,man,True,F,Southampton,no,True
1,2,female,13.1561435717663,0,1,10.478948201347498,S,Second,woman,False,C,Southampton,yes,False
0,3,male,29.911078205179837,1,0,13.134142678783686,S,Third,man,True,A,Southampton,no,False
0,2,male,51.8715718473059,2,1,24.944296096347564,S,Second,man,True,F,Southampton,no,False
1,1,male,38.65883732639065,0,0,8.723516112263038,S,First,man,True,A,Southampton,yes,True
0,3,male,27.095314682425784,1,0,74.05562750152033,Q,Third,man,True,nan,Queenstown,no,False
0,1,female,38.80075325977703,0,0,9.264538690734328,C,First,woman,False,A,Cherbourg,no,True
1,3,female,12.228467107381535,4,2,67.84782407180005,Q,Third,woman,False,F,Queenstown,yes,False
0,2,male,20.26060071012517,0,1,5.0,S,Second,man,True,A,Southampton,no,False
0,1,male,14.821320525687451,0,1,32.06252171157353,S,First,man,False,G,Southampton,no,False
0,3,female,36.574005456878055,0,1,71.25000246700516,S,Third,woman,False,C,Southampton,no,False
0,3,male,39.997448996081296,1,0,5.544720342034468,S,Third,man,True,F,Southampton,no,False
1,3,male,27.846435619222866,0,0,103.56868308828784,S,Third,man,True,G,Southampton,yes,True
1,3,female,17.77898452564608,2,0,18.092797926579955,S,Third,woman,False,A,Southampton,yes,False
1,3,male,29.723512690515218,0,0,87.40527992773262,S,Third,man,True,A,Southampton,yes,True
1,3,male,23.187881530566695,0,0,33.88637911321068,C,Third,man,True,E,Cherbourg,yes,True
1,3,male,18.853610134287578,0,0,10.768334230135977,C,Third,man,True,F,Cherbourg,yes,True
0,2,female,34.74591159432945,0,0,6.258827276187804,S,Second,woman,False,nan,Southampton,no,True
1,3,male,19.388108884738568,0,0,10.86075031131514,S,Third,man,True,A,Southampton,yes,True
0,1,male,8.071103738502705,0,0,5.0,S,First,man,False,D,Southampton,no,True
1,3,female,11.182397414915384,0,0,5.0,S,Third,woman,False,nan,Southampton,yes,True
1,3,male,7.554353464576706,0,0,5.0,S,Third,man,False,nan,Southampton,yes,True
0,1,female,33.46516683206686,0,1,16.494455183753736,Q,First,woman,False,nan,Queenstown,no,False
0,3,male,32.10567613446629,1,0,47.627119048340994,C,Third,man,True,nan,Cherbourg,no,False
0,3,female,31.40728132311427,1,0,5.0,C,Third,woman,False,C,Cherbourg,no,False
0,1,male,38.22824313471919,0,0,5.0,S,First,man,True,B,Southampton,no,True
1,3,male,46.68742398563963,0,0,30.93665276681317,Q,Third,man,True,D,Queenstown,yes,True
1,3,male,21.708268568448386,0,0,6.588853918167857,S,Third,man,True,B,Southampton,yes,True
0,1,male,35.690684681337856,0,0,5.0,S,First,man,True,A,Southampton,no,True
0,3,female,7.885382896317724,0,0,5.476196234106525,S,Third,woman,False,C,Southampton,no,True
0,2,female,49.301936447686906,0,0,77.20481714261018,C,Second,woman,False,G,Cherbourg,no,True
0,3,male,12.572362664945802,0,0,51.690169255696205,S,Third,man,False,A,Southampton,no,True
0,3,male,20.058864333433874,0,2,13.111671657605825,S,Third,man,True,B,Southampton,no,False
0,3,female,21.632066807736706,0,2,31.997781962525337,S,Third,woman,False,A,Southampton,no,False
1,3,female,8.632206045889031,1,0,23.118714291350894,S,Third,woman,False,nan,Southampton,yes,False
0,3,male,30.456058083719867,3,0,33.914632393386206,C,Third,man,True,E,Cherbourg,no,False
0,3,male,32.99465415482075,0,0,34.43450006612553,S,Third,man,True,nan,Southampton,no,True
1,2,male,27.3482086062583,0,0,29.72509598144091,S,Second,man,True,C,Southampton,yes,True
0,3,female,8.436533151564927,1,2,9.281530925374717,S,Third,woman,False,G,Southampton,no,False
1,1,male,57.76740728792396,2,0,5.0,S,First,man,True,nan,Southampton,yes,False
1,3,male,37.68923115102307,0,0,18.24029977242197,S,Third,man,True,F,Southampton,yes,True
0,1,male,66.87910861109943,0,0,66.48503506369647,C,First,man,True,G,Cherbourg,no,True
0,1,female,18.7284706415919,0,3,25.284047610037163,S,First,woman,False,B,Southampton,no,False
0,1,male,43.41035119447768,0,0,53.58364925689909,S,First,man,True,nan,Southampton,no,True
0,3,male,40.90983442351829,0,1,143.47277255872697,S,Third,man,True,E,Southampton,no,False
0,2,male,25.93194855663693,0,0,5.360030558584603,S,Second,man,True,G,Southampton,no,True
0,3,female,49.75471261482914,0,0,35.3080141695596,S,Third,woman,False,A,Southampton,no,True
0,1,male,24.324259893407103,0,0,33.65276508482607,S,First,man,True,E,Southampton,no,True
0,2,male,24.9475201280555,1,0,117.29393552507429,C,Second,man,True,A,Cherbourg,no,False
0,3,male,0.0,0,2,127.21734127930834,S,Third,man,False,nan,Southampton,no,False
1,3,male,35.726392752396926,0,1,34.815774469100894,S,Third,man,True,D,Southampton,yes,False
0,2,male,11.442861236446308,0,1,8.37613494468294,S,Second,man,False,D,Southampton,no,False
0,3,female,22.289903260262843,0,0,48.06729144926327,S,Third,woman,False,B,Southampton,no,True
0,3,female,15.632925057569615,3,1,5.0,S,Third,woman,False,E,Southampton,no,False
1,3,male,24.87275844954434,0,0,45.519343518340165,Q,Third,man,True,A,Queenstown,yes,True
0,1,female,36.2143232230441,0,0,72.30381430899573,S,First,woman,False,nan,Southampton,no,True
1,1,male,30.155981882682603,1,0,14.478488005210883,S,First,man,True,E,Southampton,yes,False
1,3,male,39.934978067081296,0,0,29.87912287706344,S,Third,man,True,F,Southampton,yes,True
0,1,male,47.71881349819884,2,0,16.87108070094211,S,First,man,True,B,Southampton,no,False
1,3,male,24.836856886510304,0,0,17.27506394475396,S,Third,man,True,nan,Southampton,yes,True
0,3,female,23.300058611774407,0,0,11.148040390598615,C,Third,woman,False,nan,Cherbourg,no,True
1,3,female,43.40818715126814,0,1,43.08088132238705,S,Third,woman,False,A,Southampton,yes,False
1,3,female,44.51866204235902,0,0,82.54904469804525,S,Third,woman,False,D,Southampton,yes,True
0,3,male,40.36827215344266,1,0,84.78012002758483,C,Third,man,True,G,Cherbourg,no,False
0,2,male,16.66949670564911,1,0,5.763204556205916,Q,Second,man,False,F,Queenstown,no,False
1,3,male,35.91717091702245,0,0,62.32178516872952,S,Third,man,True,nan,Southampton,yes,True
0,2,male,31.532588456662047,0,0,40.11729166605363,Q,Second,man,True,A,Queenstown,no,True
0,3,male,44.735405178895284,1,0,8.744173433318867,S,Third,man,True,A,Southampton,no,False
0,3,male,21.97979074647152,2,0,5.0,C,Third,man,True,nan,Cherbourg,no,False
0,3,male,6.667455923901175,0,0,9.35913093789855,S,Third,man,False,D,Southampton,no,True
1,3,male,39.66331520532381,0,0,72.98362787229635,S,Third,man,True,E,Southampton,yes,True
0,3,female,0.0,0,1,30.086412061673954,S,Third,woman,False,G,Southampton,no,False
0,2,female,19.75881234545138,1,0,38.30218300655177,S,Second,woman,False,nan,Southampton,no,False
0,2,female,15.675262841543878,0,0,8.91792911666305,S,Second,woman,False,nan,Southampton,no,True
1,3,female,15.580914607319544,0,1,38.123487034152724,S,Third,woman,False,G,Southampton,yes,False
0,1,male,19.513559406628662,1,0,5.0,S,First,man,True,B,Southampton,no,False
1,1,male,47.04322997652282,0,0,14.115537441139699,S,First,man,True,D,Southampton,yes,True
0,2,female,41.48777586608922,0,1,29.56547441746262,S,Second,woman,False,nan,Southampton,no,False
1,2,male,26.47577045210493,0,0,5.0,C,Second,man,True,A,Cherbourg,yes,True
0,2,male,45.87072860602669,0,0,51.948772236830166,C,Second,man,True,nan,Cherbourg,no,True
0,1,female,15.127839827670764,0,0,8.037610784166379,S,First,woman,False,nan,Southampton,no,True
0,1,male,13.224032599539786,0,0,31.690827633165835,S,First,man,False,C,Southampton,no,True
1,1,male,42.09035322945227,0,0,15.58575781195438,Q,First,man,True,C,Queenstown,yes,True
1,3,male,38.115005210517054,0,0,27.193449493253496,C,Third,man,True,nan,Cherbourg,yes,True
0,2,male,23.556312377833475,1,0,5.0,C,Second,man,True,nan,Cherbourg,no,False
1,2,male,14.103547488226173,1,0,5.0,S,Second,man,False,nan,Southampton,yes,False
1,3,male,50.43624625053116,0,0,72.09352759666459,S,Third,man,True,C,Southampton,yes,True
0,1,male,5.918564286730544,0,0,9.426121077993455,Q,First,man,False,nan,Queenstown,no,True
0,3,male,21.622036905190154,0,0,51.39016821476319,S,Third,man,True,B,Southampton,no,True
0,3,female,33.20007138525056,0,0,220.17001700626,S,Third,woman,False,C,Southampton,no,True
0,1,male,55.23030731804024,0,0,7.1260708696437,S,First,man,True,B,Southampton,no,True
1,2,male,35.36340296902508,0,1,9.243513230552287,Q,Second,man,True,A,Queenstown,yes,False
1,3,male,36.724265142186184,0,0,32.61769124182972,S,Third,man,True,B,Southampton,yes,True
1,3,female,22.028628197926217,0,0,100.95924630091235,S,Third,woman,False,nan,Southampton,yes,True
0,3,male,37.958723153844375,0,0,74.24192334961384,S,Third,man,True,nan,Southampton,no,True
0,3,male,31.474330492307217,1,0,20.967444648040253,C,Third,man,True,B,Cherbourg,no,False
1,1,female,7.761496434154186,0,2,47.55850224429098,S,First,woman,False,G,Southampton,yes,False
1,3,female,41.1010879489035,0,0,5.0,S,Third,woman,False,E,Southampton,yes,True
1,1,male,43.58550745785592,0,2,113.74489104541243,S,First,man,True,C,Southampton,yes,False
1,3,female,41.247110683496274,1,0,100.02290557601282,C,Third,woman,False,nan,Cherbourg,yes,False
1,3,male,30.466590959321227,1,0,5.364075161398228,S,Third,man,True,F,Southampton,yes,False
0,3,male,16.61352363590494,0,0,10.675535277140174,Q,Third,man,False,A,Queenstown,no,True
0,3,male,0.0,0,1,5.0,S,Third,man,False,E,Southampton,no,False
1,1,male,32.19875047562031,0,0,9.511991772092369,S,First,man,True,G,Southampton,yes,True
0,1,female,45.14718883637189,0,0,50.777378259515736,S,First,woman,False,D,Southampton,no,True
0,1,male,43.93745456716313,0,0,14.259681661066898,S,First,man,True,nan,Southampton,no,True
0,1,male,41.42501980751387,1,0,5.0,S,First,man,True,nan,Southampton,no,False
1,3,female,28.961046300308528,0,1,12.566794476949479,S,Third,woman,False,E,Southampton,yes,False
0,2,female,45.22449843644096,1,0,119.51094272717039,S,Second,woman,False,nan,Southampton,no,False
0,1,male,42.93826553398264,0,0,29.801924724793697,S,First,man,True,nan,Southampton,no,True
0,3,male,24.083130149898185,0,0,16.14389781893739,S,Third,man,True,nan,Southampton,no,True
1,3,male,39.472372232621865,1,0,5.465033544425866,S,Third,man,True,A,Southampton,yes,False
1,3,female,22.49657196426992,0,2,128.44220227386072,S,Third,woman,False,B,Southampton,yes,False
0,3,female,37.56033924263691,0,0,51.58578915113588,S,Third,woman,False,C,Southampton,no,True
1,1,female,11.812366979785061,0,0,9.91673951326215,S,First,woman,False,D,Southampton,yes,True
0,2,male,12.8890346785791,0,1,5.0,S,Second,man,False,nan,Southampton,no,False
0,3,male,44.814898657214705,4,0,5.0,S,Third,man,True,nan,Southampton,no,False
1,3,male,43.12584171086671,0,0,5.0,S,Third,man,True,nan,Southampton,yes,True
1,1,male,38.87056156806164,3,0,26.07996615346661,S,First,man,True,F,Southampton,yes,False
1,3,male,31.231563494739625,3,0,79.2524653611961,S,Third,man,True,A,Southampton,yes,False
1,1,female,0.0,1,0,20.599654663309487,C,First,woman,False,nan,Cherbourg,yes,False
0,1,male,28.951736865109147,0,1,55.53486865222999,Q,First,man,True,F,Queenstown,no,False
0,3,male,36.35856434065773,0,0,17.71157867644603,S,Third,man,True,D,Southampton,no,True
0,3,female,22.51373453416572,1,0,36.99005762036069,S,Third,woman,False,D,Southampton,no,False
0,3,male,20.025081300684676,0,2,39.48880650932276,S,Third,man,True,C,Southampton,no,False
0,1,female,50.22188543415168,0,0,5.733497005264153,S,First,woman,False,G,Southampton,no,True
1,3,male,29.155954120517436,0,0,13.445670067294312,C,Third,man,True,C,Cherbourg,yes,True
0,2,male,36.367132374993325,0,0,30.425555355027946,S,Second,man,True,B,Southampton,no,True
1,1,male,40.83784046267111,0,1,5.0,Q,First,man,True,nan,Queenstown,yes,False
1,3,male,15.979880928928912,0,0,13.46089639163257,S,Third,man,False,nan,Southampton,yes,True
1,3,female,32.70490391799871,0,0,22.95860133148085,S,Third,woman,False,D,Southampton,yes,True
0,3,male,48.47502292268219,1,1,167.37661837460018,C,Third,man,True,nan,Cherbourg,no,False
0,3,male,55.4691245661961,0,0,19.304068760483418,S,Third,man,True,A,Southampton,no,True
0,3,male,30.559109561005666,2,0,50.793840946060904,S,Third,man,True,E,Southampton,no,False
0,3,male,26.668790337140955,1,1,16.972569807066243,S,Third,man,True,nan,Southampton,no,False
1,1,female,33.76633695392547,1,0,47.74657285929179,C,First,woman,False,A,Cherbourg,yes,False
0,2,male,33.4109186583853,0,1,27.146788147785557,S,Second,man,True,D,Southampton,no,False
0,2,female,49.414612925836146,1,2,65.3038107031461,C,Second,woman,False,F,Cherbourg,no,False
1,2,female,16.05051635166106,0,0,15.876946976290874,S,Second,woman,False,nan,Southampton,yes,True
0,3,male,26.081776793675697,1,0,27.81330300840986,S,Third,man,True,nan,Southampton,no,False
1,3,female,14.360021423728856,0,1,29.829082883322894,S,Third,woman,False,C,Southampton,yes,False
1,1,male,15.830671598833923,1,1,16.20675466347729,Q,First,man,False,E,Queenstown,yes,False
1,1,male,35.27203621194774,4,0,5.0,S,First,man,True,G,Southampton,yes,False
0,3,male,41.33800978291837,0,0,5.0,S,Third,man,True,A,Southampton,no,True
0,1,female,20.908516287587567,0,0,5.0,C,First,woman,False,G,Cherbourg,no,True
1,3,female,40.80932704565405,1,0,62.033516133098004,S,Third,woman,False,nan,Southampton,yes,False
0,3,male,45.562101199847554,0,0,8.094278879246268,S,Third,man,True,nan,Southampton,no,True
1,3,female,57.085883978067464,1,0,7.128942967884469,C,Third,woman,False,nan,Cherbourg,yes,False
1,3,male,30.976455883774687,0,0,39.95820832050007,Q,Third,man,True,F,Queenstown,yes,True
1,3,male,21.043296615782136,0,0,11.570585304284556,S,Third,man,True,F,Southampton,yes,True
0,2,male,15.96539295751747,3,0,21.159307090686575,C,Second,man,False,B,Cherbourg,no,False
0,3,female,14.574895229121486,0,0,5.320416829970068,C,Third,woman,False,C,Cherbourg,no,True
1,3,male,47.49692981965049,1,0,96.37616945056206,S,Third,man,True,D,Southampton,yes,False
0,2,male,8.788665198620894,0,0,57.2315585787537,S,Second,man,False,D,Southampton,no,True
0,3,male,47.0484787991168,0,0,59.80664095454244,S,Third,man,True,nan,Southampton,no,True
0,3,male,17.841825590469917,0,0,15.665382473192025,S,Third,man,False,A,Southampton,no,True
1,3,male,20.40711322996832,0,0,43.11010388528969,S,Third,man,True,nan,Southampton,yes,True
1,3,male,27.878223629860283,1,0,5.0,C,Third,man,True,D,Cherbourg,yes,False
0,3,female,20.14883630606884,0,2,5.0,S,Third,woman,False,D,Southampton,no,False
0,3,male,43.04771656943405,0,0,5.0,S,Third,man,True,A,Southampton,no,True
0,3,male,55.38681532775885,0,2,26.50031503390718,S,Third,man,True,C,Southampton,no,False
1,3,male,20.79594979425607,1,0,18.230830312537176,S,Third,man,True,E,Southampton,yes,False
0,3,female,23.948670251695226,0,0,21.895290289413648,S,Third,woman,False,F,Southampton,no,True
0,3,female,27.71350869802542,1,1,5.0,C,Third,woman,False,nan,Cherbourg,no,False
1,3,male,37.57479468889693,0,0,16.481101191979445,C,Third,man,True,nan,Cherbourg,yes,True
1,1,female,27.85122009461801,0,0,37.98269830937253,S,First,woman,False,nan,Southampton,yes,True
1,3,male,49.42160375473634,1,0,17.539208504908302,S,Third,man,True,A,Southampton,yes,False
1,3,male,46.052734831866985,0,0,39.527597014879206,S,Third,man,True,nan,Southampton,yes,True
0,1,male,13.403527049668599,0,0,7.958796100204834,S,First,man,False,nan,Southampton,no,True
0,3,male,37.293554318047605,0,0,50.32218998578571,S,Third,man,True,B,Southampton,no,True
1,1,male,51.28474932233304,0,0,26.63337533806436,S,First,man,True,A,Southampton,yes,True
1,2,female,23.073066759263632,1,0,7.100662469866792,C,Second,woman,False,A,Cherbourg,yes,False
1,3,female,25.88029179489021,0,2,8.103928979148009,C,Third,woman,False,F,Cherbourg,yes,False
1,1,female,22.607482030058627,1,0,29.66829966199858,S,First,woman,False,nan,Southampton,yes,False
0,3,male,22.90094138267092,0,0,53.14804713010845,S,Third,man,True,G,Southampton,no,True
0,3,male,6.641678273245327,0,1,16.116514189263604,S,Third,man,False,E,Southampton,no,False
1,3,female,11.40359067948929,2,0,8.964330264383685,S,Third,woman,False,B,Southampton,yes,False
1,1,male,31.08463206232122,0,0,60.52480273719438,Q,First,man,True,A,Queenstown,yes,True
1,2,male,51.190371645138896,0,0,33.193433441213585,S,Second,man,True,B,Southampton,yes,True
1,3,male,21.41294862474404,0,0,17.830863388944387,S,Third,man,True,A,Southampton,yes,True
1,3,female,21.001397758720188,0,0,20.077072255323387,C,Third,woman,False,C,Cherbourg,yes,True
0,3,male,53.82129498589028,0,0,6.854350228620008,S,Third,man,True,F,Southampton,no,True
0,2,male,14.484395534576183,0,2,29.56943572101696,S,Second,man,False,nan,Southampton,no,False
0,3,female,6.742595722110093,0,0,13.329726093002439,C,Third,woman,False,C,Cherbourg,no,True
0,3,male,18.400783894075005,0,0,163.0941371299033,S,Third,man,True,nan,Southampton,no,True
0,3,male,20.721017296878873,0,0,19.628383309818656,S,Third,man,True,nan,Southampton,no,True
0,1,male,5.535656814269085,0,0,19.959284467126793,S,First,man,False,nan,Southampton,no,True
0,3,male,28.207416112155443,0,1,25.031078985563667,S,Third,man,True,E,Southampton,no,False
0,3,female,43.2782488980615,0,0,74.5793778676829,S,Third,woman,False,G,Southampton,no,True
0,3,male,11.996633167992432,2,0,48.40610402128978,C,Third,man,False,nan,Cherbourg,no,False
0,2,male,31.226095065350247,0,1,17.9968136055131,S,Second,man,True,C,Southampton,no,False
0,3,female,35.543099458774826,1,0,38.04992862237368,S,Third,woman,False,B,Southampton,no,False
1,3,female,28.832620146159897,0,0,26.47374913923061,S,Third,woman,False,B,Southampton,yes,True
0,1,female,32.599696256374834,0,0,20.339898881179938,S,First,woman,False,E,Southampton,no,True
0,3,male,32.76258167633295,0,1,6.407523142433265,S,Third,man,True,A,Southampton,no,False
0,3,male,18.62180860314195,0,0,18.705066405479613,S,Third,man,True,B,Southampton,no,True
1,1,female,50.980156008166155,0,1,8.463670174442617,S,First,woman,False,nan,Southampton,yes,False
0,2,female,47.468595677067015,0,0,73.89746052384601,S,Second,woman,False,G,Southampton,no,True
1,3,male,46.65875956137635,0,1,12.257405254199877,S,Third,man,True,F,Southampton,yes,False
0,1,male,44.19146036761409,2,1,91.26209259646451,S,First,man,True,nan,Southampton,no,False
0,3,male,7.950287427937665,0,0,22.846332675884327,S,Third,man,False,G,Southampton,no,True
0,2,female,42.964873289367524,0,0,29.953050156157694,S,Second,woman,False,E,Southampton,no,True
0,3,male,39.17841998569311,1,0,23.488247345236235,S,Third,man,True,nan,Southampton,no,False
1,1,male,8.488669390787035,0,0,5.0,S,First,man,False,F,Southampton,yes,True
1,3,male,26.991255027898905,0,0,14.139553309445821,S,Third,man,True,F,Southampton,yes,True
1,3,female,33.87510829055404,1,0,5.0,S,Third,woman,False,D,Southampton,yes,False
0,3,female,53.300439373744894,2,0,29.26164600736053,S,Third,woman,False,A,Southampton,no,False
0,3,male,40.146134010519624,1,0,17.765094246484363,S,Third,man,True,E,Southampton,no,False
1,1,female,17.89607981810378,0,0,45.150306113240774,C,First,woman,False,nan,Cherbourg,yes,True
0,3,female,53.73543841832748,0,0,7.471941661608794,S,Third,woman,False,nan,Southampton,no,True
0,1,male,30.61291667799445,2,0,5.394119958595003,C,First,man,True,nan,Cherbourg,no,False
0,1,male,26.418224083356716,0,1,15.643062824378033,C,First,man,True,E,Cherbourg,no,False
0,2,male,25.42034524775663,0,0,78.34896673418986,Q,Second,man,True,nan,Queenstown,no,True
1,3,female,7.270226667676134,0,0,37.179898481682315,S,Third,woman,False,C,Southampton,yes,True
1,3,male,28.463226946574007,0,2,16.286192280727107,S,Third,man,True,C,Southampton,yes,False
1,3,male,36.96479360227921,0,0,21.849068478318504,S,Third,man,True,A,Southampton,yes,True
0,2,female,24.604633414646983,0,2,5.0,S,Second,woman,False,nan,Southampton,no,False
0,2,male,35.88633468146581,0,0,125.15471468348554,S,Second,man,True,F,Southampton,no,True
0,3,female,17.89852500720147,0,0,32.935035159143446,S,Third,woman,False,B,Southampton,no,True
0,2,male,28.027009200113323,1,0,10.08114080258265,S,Second,man,True,nan,Southampton,no,False
0,3,male,34.43156457252085,0,0,26.442797889535903,S,Third,man,True,nan,Southampton,no,True
1,1,female,32.65525227888789,0,0,5.0,C,First,woman,False,nan,Cherbourg,yes,True
1,3,female,7.523488743933351,0,0,101.2980719242162,C,Third,woman,False,B,Cherbourg,yes,True
0,3,male,23.8539166878028,0,0,5.7633391756712475,S,Third,man,True,B,Southampton,no,True
1,1,female,53.484481024376485,0,0,31.326307137965706,S,First,woman,False,G,Southampton,yes,True
1,1,female,23.10575495937275,0,0,8.449189443229795,C,First,woman,False,D,Cherbourg,yes,True
0,3,male,30.22130561756575,1,0,37.92882107150394,Q,Third,man,True,A,Queenstown,no,False
0,3,female,28.78541949231478,2,0,44.99348353262361,S,Third,woman,False,nan,Southampton,no,False
0,2,male,51.955356624875115,0,0,33.572385216753915,S,Second,man,True,B,Southampton,no,True
0,3,male,48.06515371072538,0,2,28.596380575905027,S,Third,man,True,C,Southampton,no,False
0,1,male,41.30543399746333,0,0,66.89930923839789,S,First,man,True,E,Southampton,no,True
1,2,female,16.37460761278453,1,2,5.0,S,Second,woman,False,C,Southampton,yes,False
0,3,female,35.02856268868912,1,0,12.055314646755573,S,Third,woman,False,G,Southampton,no,False
0,2,male,37.95118440305185,0,0,8.56203944596946,S,Second,man,True,G,Southampton,no,True
0,3,male,20.219532301655235,0,0,132.72038436131675,Q,Third,man,True,B,Queenstown,no,True
0,2,male,17.81276051813235,1,0,14.798893819222679,S,Second,man,False,G,Southampton,no,False
1,2,male,53.87019806089842,0,0,39.57171320975361,Q,Second,man,True,F,Queenstown,yes,True
1,3,female,25.788753628962997,0,0,34.62931574831084,Q,Third,woman,False,nan,Queenstown,yes,True
0,2,female,52.60967546475608,0,0,7.150808630524051,S,Second,woman,False,nan,Southampton,no,True
0,3,male,43.95931257692347,0,0,8.193566183485562,S,Third,man,True,nan,Southampton,no,True
0,1,female,35.7102749532545,1,0,9.908693293454242,S,First,woman,False,B,Southampton,no,False
0,1,male,36.33544010903279,2,0,15.88635632409012,C,First,man,True,G,Cherbourg,no,False
0,1,female,10.394126155369253,0,0,8.009927010029378,S,First,woman,False,E,Southampton,no,True
0,3,female,32.89484691768183,0,1,5.0,S,Third,woman,False,F,Southampton,no,False
0,2,male,49.83828578174277,0,0,63.45655272799863,S,Second,man,True,A,Southampton,no,True
0,3,male,39.53875304459853,0,0,101.09953654218492,C,Third,man,True,G,Cherbourg,no,True
1,3,female,32.160713618901745,0,0,12.536929603835071,S,Third,woman,False,F,Southampton,yes,True
0,3,male,53.96712074143842,0,0,12.397670856521067,S,Third,man,True,D,Southampton,no,True
0,1,male,27.409429882748746,0,0,5.0,C,First,man,True,A,Cherbourg,no,True
1,3,male,21.326220549696423,0,0,34.20653973719187,S,Third,man,True,nan,Southampton,yes,True
0,3,male,32.1536468250956,0,0,52.36458479021527,S,Third,man,True,D,Southampton,no,True
1,3,male,40.730543153562344,0,0,5.0,C,Third,man,True,B,Cherbourg,yes,True
1,3,female,5.950882658684347,0,2,5.218687886241469,C,Third,woman,False,nan,Cherbourg,yes,False
0,3,female,33.988161008865845,0,2,46.83132765895835,C,Third,woman,False,B,Cherbourg,no,False
0,3,male,41.34483021750834,3,0,28.73610511064776,S,Third,man,True,E,Southampton,no,False
1,1,female,26.225017245843947,0,0,5.0,Q,First,woman,False,F,Queenstown,yes,True
0,1,male,45.497506728236985,0,0,29.229275882606157,S,First,man,True,nan,Southampton,no,True
0,3,female,38.976613273754985,1,0,11.08489177836173,S,Third,woman,False,A,Southampton,no,False
1,3,female,59.979363659155084,4,0,13.800418244913397,S,Third,woman,False,A,Southampton,yes,False
0,3,male,19.49155943386299,0,0,44.05526714427887,C,Third,man,True,D,Cherbourg,no,True
0,3,female,41.62993790694525,1,2,49.96996280357247,Q,Third,woman,False,E,Queenstown,no,False
1,1,male,15.757465290836336,0,0,15.342605356351326,S,First,man,False,nan,Southampton,yes,True
0,1,male,7.384869682125835,0,0,88.21059365347374,S,First,man,False,G,Southampton,no,True
0,3,female,1.5025682005497796,0,0,15.649657489151942,S,Third,woman,False,G,Southampton,no,True
1,2,male,37.53653631355697,0,0,44.330722942801586,C,Second,man,True,nan,Cherbourg,yes,True
0,1,male,32.57947079521744,1,0,19.84232047239116,S,First,man,True,E,Southampton,no,False
1,3,male,23.293285196935447,0,2,68.34623732549657,S,Third,man,True,E,Southampton,yes,False
1,1,female,5.170939324705417,0,0,71.50124657629567,Q,First,woman,False,A,Queenstown,yes,True
0,3,male,20.33458723405853,0,0,5.0,S,Third,man,True,nan,Southampton,no,True
0,2,male,30.057302107456387,0,0,82.69831079582909,S,Second,man,True,F,Southampton,no,True
0,3,female,41.10437113510337,0,0,52.38090666446346,C,Third,woman,False,nan,Cherbourg,no,True
0,2,female,29.76849949653324,1,0,47.00726413686459,S,Second,woman,False,C,Southampton,no,False
0,3,male,33.52884479787389,1,0,6.728501258211084,S,Third,man,True,E,Southampton,no,False
1,1,male,24.734146666362097,1,0,49.061017029056934,C,First,man,True,B,Cherbourg,yes,False
0,1,male,54.48913883538016,1,1,56.94015823618196,S,First,man,True,nan,Southampton,no,False
0,2,male,15.74450497940481,0,0,10.238829371983556,S,Second,man,False,E,Southampton,no,True
1,3,male,20.210664958008213,1,0,91.25961898537027,S,Third,man,True,nan,Southampton,yes,False
0,3,female,23.10698696409082,0,0,5.0,C,Third,woman,False,B,Cherbourg,no,True
1,2,female,37.59786157167414,0,0,5.0,S,Second,woman,False,nan,Southampton,yes,True
0,3,male,15.455962942983673,0,0,23.13852513134494,S,Third,man,False,D,Southampton,no,True
0,3,male,31.900060267671986,0,0,25.72597465781834,S,Third,man,True,nan,Southampton,no,True
1,3,female,32.30874200797181,0,0,31.08181046282384,C,Third,woman,False,nan,Cherbourg,yes,True
1,1,male,20.27898840973268,0,0,5.0,S,First,man,True,A,Southampton,yes,True
1,3,female,34.619712453396,1,0,96.84262463437452,S,Third,woman,False,E,Southampton,yes,False
1,1,male,15.890605417675964,0,1,5.0,S,First,man,False,A,Southampton,yes,False
1,2,male,14.360962005535555,0,0,5.0,S,Second,man,False,G,Southampton,yes,True
0,3,female,31.39448059130017,2,0,5.0,Q,Third,woman,False,nan,Queenstown,no,False
0,1,male,6.763421803307121,0,0,25.100719815618294,Q,First,man,False,C,Queenstown,no,True
1,3,female,0.0,0,1,80.76540178337198,S,Third,woman,False,C,Southampton,yes,False
1,3,male,37.4596662111552,0,0,32.89368339382783,Q,Third,man,True,G,Queenstown,yes,True
1,3,male,44.685579196276386,0,0,51.89016630547507,S,Third,man,True,D,Southampton,yes,True
0,3,female,23.46475633830459,0,0,5.0,Q,Third,woman,False,C,Queenstown,no,True
0,1,male,20.647010870631213,0,0,23.42758494659999,S,First,man,True,nan,Southampton,no,True
1,2,female,44.07749316364384,0,0,18.461314974465637,S,Second,woman,False,C,Southampton,yes,True
0,3,male,13.962464948015121,0,0,20.732555890587104,S,Third,man,False,G,Southampton,no,True
1,1,female,10.912783253903783,0,0,5.0,S,First,woman,False,B,Southampton,yes,True
1,2,female,39.906909931918825,0,0,34.601752207009525,Q,Second,woman,False,A,Queenstown,yes,True
0,1,male,30.126534611172303,0,0,20.988265257534405,S,First,man,True,F,Southampton,no,True
1,1,male,44.90827435006333,1,0,43.4641010756334,C,First,man,True,nan,Cherbourg,yes,False
1,2,male,0.036277697108292095,0,0,19.924586268027877,S,Second,man,False,A,Southampton,yes,True
0,1,male,10.390564124340116,0,0,5.0,S,First,man,False,nan,Southampton,no,True
1,3,male,30.200648837818193,1,2,31.345630593813706,S,Third,man,True,nan,Southampton,yes,False
0,3,female,35.847431778773014,0,2,5.676265631947414,S,Third,woman,False,C,Southampton,no,False
1,3,female,41.857959227652415,0,1,61.764369061257305,S,Third,woman,False,C,Southampton,yes,False
0,1,female,32.44744876332289,0,0,28.488929712639152,S,First,woman,False,D,Southampton,no,True
1,1,female,32.30517217501997,1,0,5.130906149552005,S,First,woman,False,A,Southampton,yes,False
0,1,female,24.54837839757722,1,0,98.37315529976047,S,First,woman,False,nan,Southampton,no,False
0,3,female,52.27266866866324,0,0,21.91709025645389,C,Third,woman,False,C,Cherbourg,no,True
1,3,male,14.55767162341303,1,0,5.0,S,Third,man,False,nan,Southampton,yes,False
0,1,female,35.02628213578314,0,0,29.571869466322784,S,First,woman,False,D,Southampton,no,True
0,3,female,16.17067631576772,0,0,8.758692112645845,Q,Third,woman,False,A,Queenstown,no,True
1,1,male,37.486899641270135,0,0,48.84233461573673,Q,First,man,True,D,Queenstown,yes,True
1,3,male,15.48175402857127,0,0,51.08314355082565,C,Third,man,False,A,Cherbourg,yes,True
0,3,male,40.41341977900641,1,2,115.82187342411636,S,Third,man,True,E,Southampton,no,False
1,3,male,31.56946925554324,0,0,20.906797511256748,Q,Third,man,True,E,Queenstown,yes,True
0,3,female,54.42494842562154,0,0,18.206711030492297,C,Third,woman,False,G,Cherbourg,no,True
0,3,male,26.0657249381978,2,1,42.008829800700475,Q,Third,man,True,nan,Queenstown,no,False
0,2,male,35.94952562746563,0,0,5.0,S,Second,man,True,D,Southampton,no,True
1,3,female,19.084812073550065,0,0,23.750300013624926,S,Third,woman,False,G,Southampton,yes,True
1,1,male,25.969497909821875,0,0,23.706108133477244,S,First,man,True,D,Southampton,yes,True
1,3,male,31.48049271222094,1,0,5.0,S,Third,man,True,C,Southampton,yes,False
1,3,male,8.618921085400764,1,1,16.23772461404141,S,Third,man,False,F,Southampton,yes,False
0,3,female,10.153264921413191,0,0,57.577859298585686,Q,Third,woman,False,D,Queenstown,no,True
0,3,female,38.39803019769903,0,0,58.17028104811094,Q,Third,woman,False,C,Queenstown,no,True
0,3,male,27.954784498556485,0,0,5.0,S,Third,man,True,nan,Southampton,no,True
0,3,female,21.699028537327692,1,0,5.0,C,Third,woman,False,E,Cherbourg,no,False
0,3,male,19.68219347416542,0,2,9.142628383890356,S,Third,man,True,G,Southampton,no,False
1,1,female,20.221156859868287,0,0,62.32715373555541,S,First,woman,False,F,Southampton,yes,True
0,1,female,31.575710010115202,2,0,5.0,S,First,woman,False,nan,Southampton,no,False
0,2,female,36.230502097626655,0,0,38.18862770071182,S,Second,woman,False,E,Southampton,no,True
0,1,male,0.7104987852468625,0,0,5.0,S,First,man,False,G,Southampton,no,True
1,3,female,49.77967679477849,0,2,29.27627454637593,C,Third,woman,False,F,Cherbourg,yes,False
0,1,female,48.783810681187894,2,0,13.20483180228819,Q,First,woman,False,nan,Queenstown,no,False
0,3,male,0.0,0,0,46.66468410484053,S,Third,man,False,B,Southampton,no,True
0,2,female,45.20297374851916,0,0,7.985072312055883,S,Second,woman,False,C,Southampton,no,True
1,1,male,44.773063918634605,0,0,30.583096835334253,C,First,man,True,B,Cherbourg,yes,True
0,3,female,30.006236918625632,0,0,8.063161363942086,S,Third,woman,False,C,Southampton,no,True
1,3,male,11.83963929361173,0,1,37.5172905533301,S,Third,man,False,A,Southampton,yes,False
1,3,female,44.213193283311014,0,0,62.067640498410846,S,Third,woman,False,nan,Southampton,yes,True
0,3,male,26.62276507183708,4,1,5.0,S,Third,man,True,F,Southampton,no,False
0,3,male,37.68430381346539,0,0,60.43112479946511,S,Third,man,True,B,Southampton,no,True
1,1,male,61.068817807464896,0,0,27.010694845289144,C,First,man,True,nan,Cherbourg,yes,True
0,3,male,33.525714508730665,0,0,5.0,S,Third,man,True,F,Southampton,no,True
0,3,male,17.163614315940134,0,0,16.734469680750525,C,Third,man,False,G,Cherbourg,no,True
1,3,male,25.299766071123898,1,1,5.261342125941053,S,Third,man,True,A,Southampton,yes,False
1,1,male,18.947764956626173,0,0,36.1539932031532,S,First,man,True,G,Southampton,yes,True
1,3,male,36.068856044279315,0,0,42.67234005112465,S,Third,man,True,C,Southampton,yes,True
1,1,male,18.715054177502733,0,0,5.0,S,First,man,True,nan,Southampton,yes,True
0,1,female,23.380080087104997,0,0,21.165087134881915,S,First,woman,False,F,Southampton,no,True
0,2,male,12.017974758293603,0,0,50.561243422627605,S,Second,man,False,D,Southampton,no,True
1,3,female,28.150781922731994,0,0,82.54268910954723,S,Third,woman,False,nan,Southampton,yes,True
0,3,female,32.47456710622869,1,0,21.6166530927187,S,Third,woman,False,nan,Southampton,no,False
0,3,female,0.0,2,0,90.03997191733404,S,Third,woman,False,nan,Southampton,no,False
1,3,male,33.634029860723096,0,0,23.016018870854467,C,Third,man,True,B,Cherbourg,yes,True
0,2,female,29.36019676464509,2,0,15.035690695648885,S,Second,woman,False,F,Southampton,no,False
0,2,male,19.290112717414218,0,0,56.55636071807577,S,Second,man,True,E,Southampton,no,True
0,2,male,58.40080493977822,0,0,20.376305229354852,C,Second,man,True,E,Cherbourg,no,True
0,3,male,43.41867138646656,0,3,19.15423119711691,Q,Third,man,True,nan,Queenstown,no,False
0,1,female,14.650365193880383,0,0,20.218723961670907,S,First,woman,False,C,Southampton,no,True
0,3,male,41.73531631399596,0,0,56.277393823346785,C,Third,man,True,nan,Cherbourg,no,True
0,3,male,47.42297306429481,0,0,53.50330181887527,S,Third,man,True,nan,Southampton,no,True
1,2,female,31.8482929166458,0,0,15.5012866275289,S,Second,woman,False,E,Southampton,yes,True
1,3,female,35.06018851726255,0,0,12.162446975233244,S,Third,woman,False,nan,Southampton,yes,True
0,3,male,34.73685333690227,0,0,20.313964694330327,C,Third,man,True,nan,Cherbourg,no,True
1,3,male,0.7985779750739583,1,0,25.51315930620594,S,Third,man,False,nan,Southampton,yes,False
0,3,female,27.38382564409441,0,0,8.167540646248149,S,Third,woman,False,C,Southampton,no,True
0,2,male,26.6552202122236,0,0,47.38983295792801,S,Second,man,True,B,Southampton,no,True
1,2,male,50.022178911838296,0,1,19.994150634752035,S,Second,man,True,nan,Southampton,yes,False
0,3,male,34.67219008986622,0,1,12.196020054044423,S,Third,man,True,B,Southampton,no,False
1,3,female,25.833446530366274,1,0,5.0,S,Third,woman,False,nan,Southampton,yes,False
0,1,female,28.738253626125843,0,0,8.187554196844848,S,First,woman,False,D,Southampton,no,True
1,3,female,44.32739814278362,0,1,89.44374214693518,S,Third,woman,False,B,Southampton,yes,False
0,3,female,27.415814714565585,1,0,10.919606339331724,S,Third,woman,False,nan,Southampton,no,False
1,3,male,20.225262536717473,0,1,5.548685147581769,S,Third,man,True,A,Southampton,yes,False
0,1,male,26.14016929910787,0,0,18.522984800632642,S,First,man,True,D,Southampton,no,True
1,3,male,43.16974601351755,0,2,11.00555704811669,C,Third,man,True,nan,Cherbourg,yes,False
0,3,male,36.94630867837111,2,0,5.0,S,Third,man,True,nan,Southampton,no,False
0,1,male,30.619751626887595,0,2,11.70895590689416,S,First,man,True,D,Southampton,no,False
1,1,female,32.681550192227625,0,0,23.565021247137743,S,First,woman,False,nan,Southampton,yes,True
0,3,male,22.163605369663248,0,0,24.069606775110095,S,Third,man,True,F,Southampton,no,True
1,1,female,27.28470839380285,0,2,13.227744592158201,Q,First,woman,False,A,Queenstown,yes,False
1,3,male,20.71373949515676,0,0,17.788347211279085,S,Third,man,True,nan,Southampton,yes,True
0,3,male,25.87309001980359,0,0,101.01946376962042,C,Third,man,True,F,Cherbourg,no,True
1,2,male,48.84649569077275,0,0,14.21304810572733,S,Second,man,True,nan,Southampton,yes,True
0,3,male,14.90979464071934,2,0,8.961352823754922,S,Third,man,False,B,Southampton,no,False
1,2,female,20.35795267007919,1,2,8.370275490308304,S,Second,woman,False,F,Southampton,yes,False
0,3,male,12.439815918899473,0,0,18.361652337509444,S,Third,man,False,B,Southampton,no,True
0,2,male,9.407277399373625,1,1,42.7535691418429,S,Second,man,False,D,Southampton,no,False
1,3,male,27.38519320126592,0,0,6.91970809413027,S,Third,man,True,nan,Southampton,yes,True
1,1,male,21.35347145478899,0,0,37.063504469306196,C,First,man,True,G,Cherbourg,yes,True
0,2,male,54.663645031090695,0,0,5.0,Q,Second,man,True,nan,Queenstown,no,True
1,3,female,26.040148353510894,1,0,16.28667517420049,S,Third,woman,False,G,Southampton,yes,False
0,2,female,48.05155608802034,1,0,44.86521063006153,S,Second,woman,False,A,Southampton,no,False
0,3,male,43.55209064916887,0,3,12.40792561126086,S,Third,man,True,B,Southampton,no,False
0,2,female,27.074641826863804,2,0,24.885307170457665,S,Second,woman,False,F,Southampton,no,False
0,3,male,59.54189814919872,0,0,6.881611273122778,S,Third,man,True,G,Southampton,no,True
0,1,male,33.759475810507325,1,2,40.643334911040924,S,First,man,True,C,Southampton,no,False
0,3,male,51.18212972405584,3,0,5.0,S,Third,man,True,nan,Southampton,no,False
1,3,male,49.5523564821377,0,1,57.426487884146205,C,Third,man,True,G,Cherbourg,yes,False
1,1,male,35.80507179146696,1,0,6.626747158540339,C,First,man,True,F,Cherbourg,yes,False
1,1,male,40.51583186928191,0,1,62.23912061876439,S,First,man,True,F,Southampton,yes,False
0,1,male,38.73699981167266,0,0,13.04044940213643,Q,First,man,True,A,Queenstown,no,True
0,3,male,13.980339960516087,0,2,38.47788283022148,Q,Third,man,False,E,Queenstown,no,False
1,2,male,30.80206496234223,0,0,11.535715839712939,C,Second,man,True,nan,Cherbourg,yes,True
1,3,female,45.03946127522524,2,0,70.9056381062086,S,Third,woman,False,C,Southampton,yes,False
0,2,male,51.366608443063264,0,0,5.0,S,Second,man,True,G,Southampton,no,True
1,2,male,19.911044594352703,0,0,5.8994229296589635,S,Second,man,True,nan,Southampton,yes,True
1,3,male,37.40363822538228,1,0,20.379110868464295,S,Third,man,True,C,Southampton,yes,False
1,3,male,32.11218298588548,2,0,5.0,S,Third,man,True,E,Southampton,yes,False
1,1,male,28.34976309585766,0,0,6.543940926406344,S,First,man,True,G,Southampton,yes,True
0,1,male,34.98403680915037,3,0,86.34721558922148,C,First,man,True,C,Cherbourg,no,False
0,1,male,33.05196374932592,0,0,112.50945010285255,C,First,man,True,nan,Cherbourg,no,True
1,3,male,37.57970596421624,1,0,14.160617666118695,S,Third,man,True,B,Southampton,yes,False
1,3,male,50.18403465330073,0,0,77.03013995568114,S,Third,man,True,F,Southampton,yes,True
0,3,male,40.9777862721058,0,0,23.612178181823055,S,Third,man,True,nan,Southampton,no,True
0,3,male,34.348277624217836,0,0,9.430740617397747,S,Third,man,True,D,Southampton,no,True
0,3,male,56.1047507955231,0,0,36.36002035764628,S,Third,man,True,nan,Southampton,no,True
1,3,male,45.539014342324705,0,0,32.26754657675613,C,Third,man,True,nan,Cherbourg,yes,True
1,3,female,28.706421859553124,0,0,135.63954137309148,Q,Third,woman,False,G,Queenstown,yes,True
0,1,male,12.960314367059327,0,1,9.238473553507761,Q,First,man,False,G,Queenstown,no,False
0,1,male,16.170370467113486,2,0,33.44769292826849,Q,First,man,False,C,Queenstown,no,False
0,2,male,43.06525427641888,0,0,5.0,S,Second,man,True,F,Southampton,no,True
1,1,female,21.175625290458264,0,0,5.0,Q,First,woman,False,E,Queenstown,yes,True
1,3,male,15.887223320432726,0,0,5.0,Q,Third,man,False,A,Queenstown,yes,True
1,3,male,19.38680542637921,0,0,225.75610308096563,S,Third,man,True,C,Southampton,yes,True
0,1,male,20.3766196307302,1,0,48.62614540150302,S,First,man,True,A,Southampton,no,False
0,1,male,41.90906734895152,1,0,46.3549067324666,Q,First,man,True,D,Queenstown,no,False
0,3,male,27.805610939048133,0,0,21.38373042157245,C,Third,man,True,nan,Cherbourg,no,True
0,3,male,10.78675559580832,0,0,10.703123437591143,S,Third,man,False,C,Southampton,no,True
1,2,female,30.434628568672995,1,0,5.0,S,Second,woman,False,D,Southampton,yes,False
1,3,male,33.111725854275385,0,0,10.050537870731628,S,Third,man,True,nan,Southampton,yes,True
1,1,female,23.289283939828078,1,0,14.146763789185243,S,First,woman,False,C,Southampton,yes,False
1,1,female,46.1823911786978,0,2,42.35576253651234,S,First,woman,False,F,Southampton,yes,False
0,3,male,24.106855600308016,1,0,23.27381454425221,S,Third,man,True,F,Southampton,no,False
1,3,male,45.51672761292011,0,0,5.0,S,Third,man,True,G,Southampton,yes,True
1,1,male,38.35495891544967,0,1,5.0,S,First,man,True,nan,Southampton,yes,False
1,3,male,42.9724771126217,2,0,5.0,C,Third,man,True,G,Cherbourg,yes,False
0,3,male,14.620288228710471,0,0,15.854351309519597,S,Third,man,False,A,Southampton,no,True
0,3,female,31.376342691333438,0,1,81.17838515580686,S,Third,woman,False,nan,Southampton,no,False
0,3,female,29.260407935953232,0,1,30.43385470536649,C,Third,woman,False,E,Cherbourg,no,False
1,3,male,10.091908651294537,0,0,48.5582802324515,S,Third,man,False,nan,Southampton,yes,True
0,3,male,45.47085021724073,0,0,18.841835220476764,S,Third,man,True,nan,Southampton,no,True
0,3,female,18.5563874432971,0,0,13.466812559434647,S,Third,woman,False,E,Southampton,no,True
1,1,female,21.46605039629624,0,2,5.0,S,First,woman,False,E,Southampton,yes,False
0,1,female,15.813578301631837,0,0,62.60801146627622,S,First,woman,False,B,Southampton,no,True
0,2,male,39.81660856498522,1,0,45.857869753735514,S,Second,man,True,C,Southampton,no,False
0,3,male,8.63698393718366,0,1,5.521943773919964,Q,Third,man,False,nan,Queenstown,no,False
1,1,male,38.650247206503956,0,0,21.53921874289094,S,First,man,True,nan,Southampton,yes,True
0,3,male,44.62319580740845,0,0,20.046309617206752,S,Third,man,True,G,Southampton,no,True
1,3,male,37.520497986760645,0,0,29.432202699488357,S,Third,man,True,A,Southampton,yes,True
0,1,male,39.97679877385001,0,0,87.66714706113488,S,First,man,True,C,Southampton,no,True
1,3,female,40.6336505740926,0,1,26.008695883217097,S,Third,woman,False,B,Southampton,yes,False
0,2,male,16.708059425839306,0,0,23.310036604822297,S,Second,man,False,A,Southampton,no,True
0,3,male,50.086289715300815,0,1,5.0,C,Third,man,True,nan,Cherbourg,no,False
1,1,male,23.55893244213102,0,0,5.0,S,First,man,True,nan,Southampton,yes,True
0,3,male,29.070573353740393,0,0,6.223524541002719,S,Third,man,True,E,Southampton,no,True
0,3,male,25.343077543086576,0,2,5.0,S,Third,man,True,B,Southampton,no,False
0,3,male,36.881589692282326,0,0,40.801598166410535,C,Third,man,True,A,Cherbourg,no,True
1,3,female,22.467478596076088,0,0,38.54792752500412,Q,Third,woman,False,G,Queenstown,yes,True
1,3,male,30.93682013932316,0,0,5.0,S,Third,man,True,B,Southampton,yes,True
1,3,male,12.70518655995593,1,1,54.25110208005254,S,Third,man,False,A,Southampton,yes,False
0,3,male,46.305312919022,0,0,5.044964114344419,S,Third,man,True,B,Southampton,no,True
0,3,female,39.39037324330285,0,0,10.75067297174393,S,Third,woman,False,G,Southampton,no,True
0,1,female,25.908363333375227,0,0,8.589566027591328,S,First,woman,False,G,Southampton,no,True
0,3,female,23.431913579638657,0,0,13.971127277555603,S,Third,woman,False,nan,Southampton,no,True
0,3,male,39.024795448447755,0,1,8.81759524392524,C,Third,man,True,F,Cherbourg,no,False
0,3,male,20.097892671096535,0,0,20.138689770672475,S,Third,man,True,E,Southampton,no,True
0,1,male,31.755114420712367,1,0,15.69746830652698,Q,First,man,True,C,Queenstown,no,False
1,3,male,46.259583024039685,0,0,129.30679057533138,S,Third,man,True,C,Southampton,yes,True
0,2,female,18.642400332079305,2,0,5.0,S,Second,woman,False,nan,Southampton,no,False
0,3,male,35.16041160768284,0,2,5.0,S,Third,man,True,D,Southampton,no,False
1,1,female,34.42015373709689,0,0,5.0,S,First,woman,False,nan,Southampton,yes,True
0,3,female,28.63728453872244,0,3,29.492248780299846,S,Third,woman,False,D,Southampton,no,False
1,3,male,22.946945822544887,0,0,5.0,S,Third,man,True,B,Southampton,yes,True
1,1,female,47.007158796521395,0,0,54.31721333441939,C,First,woman,False,D,Cherbourg,yes,True
1,3,male,21.634039099262473,0,1,21.51942372709155,S,Third,man,True,F,Southampton,yes,False
0,2,male,4.631455384185319,0,0,22.460280307284584,C,Second,man,False,F,Cherbourg,no,True
1,3,male,38.967470282834476,2,0,24.73833046194157,S,Third,man,True,E,Southampton,yes,False
0,3,male,13.181753103250323,1,3,5.619312843335042,C,Third,man,False,A,Cherbourg,no,False
0,3,male,39.68633602797122,0,0,6.607817698108699,C,Third,man,True,C,Cherbourg,no,True
0,3,male,48.68864546980822,0,0,11.517742813614994,S,Third,man,True,E,Southampton,no,True
1,3,male,38.81649829758144,0,0,27.004875986001768,S,Third,man,True,F,Southampton,yes,True
0,2,male,44.99975822642488,0,0,7.0761428431122235,S,Second,man,True,A,Southampton,no,True
0,2,male,58.28068749701506,0,0,5.0,C,Second,man,True,nan,Cherbourg,no,True
1,3,male,43.53464647652525,0,0,105.3138516384764,S,Third,man,True,C,Southampton,yes,True
0,3,male,34.628027496756104,0,0,5.0,C,Third,man,True,nan,Cherbourg,no,True
0,3,male,52.87527456933107,0,1,48.69050145550756,S,Third,man,True,C,Southampton,no,False
0,3,female,54.56685762785219,3,0,46.540044538158725,S,Third,woman,False,B,Southampton,no,False
0,2,female,54.76280496563189,1,0,10.581090155324162,S,Second,woman,False,nan,Southampton,no,False
0,3,female,23.109990787255963,2,0,5.0,S,Third,woman,False,C,Southampton,no,False
0,1,female,11.043742981022344,0,0,5.0,S,First,woman,False,F,Southampton,no,True
1,3,male,22.255309431911584,0,0,35.86343905015916,S,Third,man,True,B,Southampton,yes,True
0,1,female,39.85098262110445,0,1,30.884336467169607,S,First,woman,False,G,Southampton,no,False
0,2,male,32.22822523464948,0,0,45.800598109465284,S,Second,man,True,D,Southampton,no,True
1,2,male,27.10926620752414,0,0,83.16862577968803,S,Second,man,True,nan,Southampton,yes,True
0,2,female,37.8467395832691,0,1,35.3225907078869,C,Second,woman,False,nan,Cherbourg,no,False
1,3,male,9.40872885657426,0,0,5.082806858870155,S,Third,man,False,nan,Southampton,yes,True
0,2,female,31.976370181681578,0,0,8.369306851461598,S,Second,woman,False,G,Southampton,no,True
0,2,female,45.658407027870275,0,0,55.39161429156758,S,Second,woman,False,nan,Southampton,no,True
0,1,female,37.6904190238152,0,0,7.045330021663264,C,First,woman,False,C,Cherbourg,no,True
0,2,female,39.6853375056722,0,1,5.0,C,Second,woman,False,E,Cherbourg,no,False
0,1,male,52.36321905933521,0,1,36.44899583798894,S,First,man,True,B,Southampton,no,False
0,1,male,29.07399401176866,0,0,15.451353172687828,S,First,man,True,nan,Southampton,no,True
0,3,male,20.85671674109529,0,0,75.78688279507574,C,Third,man,True,G,Cherbourg,no,True
0,3,male,46.65321059731059,2,2,31.51653494211786,S,Third,man,True,nan,Southampton,no,False
0,3,male,46.39568883447498,0,2,5.0,S,Third,man,True,nan,Southampton,no,False
0,3,female,37.81608344658115,1,0,88.61271106634995,S,Third,woman,False,G,Southampton,no,False
0,2,female,27.754805991845725,0,0,8.974720414295877,C,Second,woman,False,nan,Cherbourg,no,True
0,3,male,30.01931511411179,0,0,12.339025155516085,Q,Third,man,True,nan,Queenstown,no,True
1,3,male,12.125178670164786,0,2,15.438002827956204,S,Third,man,False,nan,Southampton,yes,False
0,3,male,45.58125142290084,0,0,5.0,C,Third,man,True,nan,Cherbourg,no,True
1,1,male,45.08711833340801,0,0,20.586065920304502,Q,First,man,True,F,Queenstown,yes,True
1,2,female,11.636441493465027,1,0,5.0,S,Second,woman,False,nan,Southampton,yes,False
0,2,male,42.146849174685904,0,0,15.373324320323183,S,Second,man,True,B,Southampton,no,True
1,2,male,35.65742317012612,0,0,12.95626482794866,Q,Second,man,True,B,Queenstown,yes,True
1,3,male,15.692362454528848,0,3,44.463030936952435,C,Third,man,False,D,Cherbourg,yes,False
0,3,female,13.11599718498543,2,0,48.762523989725636,C,Third,woman,False,nan,Cherbourg,no,False
0,3,male,35.22890577162411,0,0,5.0,Q,Third,man,True,G,Queenstown,no,True
1,3,male,24.43214240530315,0,0,13.697282501995204,S,Third,man,True,B,Southampton,yes,True
1,3,male,55.47928390769538,0,0,14.021164568136532,S,Third,man,True,nan,Southampton,yes,True
0,3,male,43.336377525084686,1,0,5.0,S,Third,man,True,G,Southampton,no,False
0,3,male,36.63170391425118,4,0,48.052055401497384,S,Third,man,True,nan,Southampton,no,False
0,1,female,37.323106056033524,0,0,36.8508675406498,S,First,woman,False,nan,Southampton,no,True
0,1,male,48.63214052514035,1,0,6.335774506177193,Q,First,man,True,C,Queenstown,no,False
0,1,male,41.851253284182725,1,0,13.705368911862893,S,First,man,True,A,Southampton,no,False
0,3,male,36.996730138944315,0,0,5.0,S,Third,man,True,B,Southampton,no,True
0,3,female,16.27634353183486,0,2,29.682508425387073,S,Third,woman,False,B,Southampton,no,False
1,2,male,72.86725751568706,0,2,5.0,C,Second,man,True,D,Cherbourg,yes,False
0,3,female,14.555441397684733,3,0,127.92020187869169,S,Third,woman,False,F,Southampton,no,False
0,1,male,25.624401680597696,0,0,45.51698664387864,S,First,man,True,D,Southampton,no,True
1,3,male,6.8338041302600345,1,1,14.840623895771742,S,Third,man,False,nan,Southampton,yes,False
1,2,male,37.54317422276967,0,0,25.92261573150254,C,Second,man,True,D,Cherbourg,yes,True
0,1,male,32.11554612198731,1,1,72.68900805177003,S,First,man,True,F,Southampton,no,False
0,3,female,40.71387013710664,0,2,24.22976860577673,S,Third,woman,False,F,Southampton,no,False
0,2,male,5.653081164537925,0,0,5.752925461972119,S,Second,man,False,nan,Southampton,no,True
0,2,male,45.580679343333045,1,0,14.27839868490827,S,Second,man,True,nan,Southampton,no,False
0,2,male,18.695904379425397,1,2,55.57297820357959,C,Second,man,True,A,Cherbourg,no,False
0,3,male,27.913927208905886,1,0,31.002692602200202,Q,Third,man,True,nan,Queenstown,no,False
0,3,male,43.0419977615349,0,0,31.55681816248659,S,Third,man,True,C,Southampton,no,True
0,2,male,33.65773357784659,1,0,60.48194513563106,S,Second,man,True,F,Southampton,no,False
0,3,female,34.647195793336095,0,0,67.32186126855004,S,Third,woman,False,C,Southampton,no,True
0,3,male,41.18850347867559,0,0,75.69417441584133,S,Third,man,True,B,Southampton,no,True
0,2,male,36.00306895914214,0,0,5.0,S,Second,man,True,E,Southampton,no,True
0,2,female,25.224489364317957,0,3,23.566164832371054,C,Second,woman,False,A,Cherbourg,no,False
0,1,male,27.669432204706794,0,0,40.471058030360105,S,First,man,True,nan,Southampton,no,True
1,1,female,32.96630150112552,4,0,42.43178496263035,S,First,woman,False,G,Southampton,yes,False
0,3,male,17.462214690351313,0,0,27.996713859995012,S,Third,man,False,C,Southampton,no,True
1,1,female,43.94412123144137,0,0,5.47399108497652,S,First,woman,False,D,Southampton,yes,True
1,3,male,34.041155031304775,0,0,47.89869429484038,S,Third,man,True,F,Southampton,yes,True
0,3,female,31.04686775090756,0,2,38.200901237423835,C,Third,woman,False,C,Cherbourg,no,False
0,1,female,46.694951826440594,0,1,5.0,S,First,woman,False,G,Southampton,no,False
0,3,male,28.318408995040823,2,0,18.697991283829737,C,Third,man,True,F,Cherbourg,no,False
0,2,female,27.446106039866162,1,0,5.733994334451759,S,Second,woman,False,nan,Southampton,no,False
1,3,male,23.215197303944496,2,0,12.351002212247021,Q,Third,man,True,E,Queenstown,yes,False
0,3,male,34.80293812496309,4,0,5.0,S,Third,man,True,D,Southampton,no,False
0,3,male,34.318301516641206,0,0,15.341266669062094,S,Third,man,True,C,Southampton,no,True
0,3,male,20.67202119286131,0,0,23.947026752179784,S,Third,man,True,nan,Southampton,no,True
0,1,male,27.512284320412398,0,3,28.994585675301217,Q,First,man,True,A,Queenstown,no,False
1,3,male,20.765568240730737,0,0,32.673853148084056,S,Third,man,True,C,Southampton,yes,True
0,3,male,20.131841646583133,0,0,54.290001901610395,S,Third,man,True,C,Southampton,no,True
0,3,female,5.781430355824142,0,1,7.279842777985121,S,Third,woman,False,G,Southampton,no,False
1,3,female,26.767256448458223,0,0,5.0,C,Third,woman,False,G,Cherbourg,yes,True
0,3,male,6.169014274879841,0,0,57.222620036536846,S,Third,man,False,A,Southampton,no,True
0,1,male,23.520580391246845,0,0,5.109873963265843,S,First,man,True,C,Southampton,no,True
0,1,male,21.42227495771348,0,0,110.37985391478048,Q,First,man,True,nan,Queenstown,no,True
0,3,male,44.72653080171846,0,1,55.45717729559423,S,Third,man,True,nan,Southampton,no,False
0,2,male,15.790912711665015,0,0,20.847057930407782,S,Second,man,False,G,Southampton,no,True
0,3,male,19.343390612597343,0,1,119.57238719136075,S,Third,man,True,G,Southampton,no,False
0,3,male,24.658662051317986,1,0,5.0,S,Third,man,True,nan,Southampton,no,False
0,2,female,21.877988878961137,0,0,10.831926646829615,S,Second,woman,False,F,Southampton,no,True
0,1,male,49.169567163906265,0,1,30.501935713334586,S,First,man,True,C,Southampton,no,False
1,3,male,14.060056777305327,1,0,12.92380449090293,S,Third,man,False,A,Southampton,yes,False
0,2,male,24.68833701419821,0,0,79.08830778757948,S,Second,man,True,G,Southampton,no,True
0,3,male,34.64891348830169,0,0,5.0,S,Third,man,True,A,Southampton,no,True
0,2,male,42.336566802588095,1,0,23.916045293588574,S,Second,man,True,A,Southampton,no,False
1,3,male,24.676618216977154,0,0,26.811396053994084,C,Third,man,True,nan,Cherbourg,yes,True
0,1,male,3.1466055929469054,1,0,31.72941902550867,S,First,man,False,nan,Southampton,no,False
0,3,male,27.898540897802935,1,0,8.857971605908212,S,Third,man,True,G,Southampton,no,False
1,3,female,48.92839866653001,0,0,13.603431653342328,Q,Third,woman,False,D,Queenstown,yes,True
1,3,female,33.95062370402598,0,2,55.67560437093859,Q,Third,woman,False,F,Queenstown,yes,False
1,1,male,33.30985007303906,0,0,6.50525728930973,S,First,man,True,A,Southampton,yes,True
0,3,male,15.117748117922048,0,1,52.611002607836255,S,Third,man,False,G,Southampton,no,False
0,3,male,13.680597735958694,0,0,24.81101665951974,S,Third,man,False,F,Southampton,no,True
1,1,male,30.25258308087739,0,0,43.08818333991525,S,First,man,True,D,Southampton,yes,True
1,1,male,10.030695088060291,0,1,37.51174693260306,C,First,man,False,G,Cherbourg,yes,False
0,1,male,40.939071113075144,0,0,6.97731835660248,S,First,man,True,C,Southampton,no,True
0,3,male,18.14695251587093,0,0,25.236383910236615,S,Third,man,True,A,Southampton,no,True
0,3,male,29.65479806975909,0,0,60.685746764459466,S,Third,man,True,D,Southampton,no,True
1,3,male,3.599263137440611,0,0,16.97515570379962,Q,Third,man,False,C,Queenstown,yes,True
0,1,female,24.486773841790907,1,0,101.96769229665779,S,First,woman,False,A,Southampton,no,False
0,2,female,13.397952340177158,0,0,18.056177625703157,Q,Second,woman,False,B,Queenstown,no,True
0,3,female,0.0,0,1,5.0,S,Third,woman,False,E,Southampton,no,False
0,3,male,37.585789250708444,2,0,14.80109991045231,S,Third,man,True,nan,Southampton,no,False
0,3,female,52.97623354728203,0,2,90.9112062394502,S,Third,woman,False,A,Southampton,no,False
0,1,male,45.812630250815246,0,2,11.557561481214202,Q,First,man,True,D,Queenstown,no,False
0,3,female,39.543669658653265,0,0,60.77091805158679,S,Third,woman,False,D,Southampton,no,True
0,2,male,24.20230364876236,0,0,63.92221729688805,S,Second,man,True,E,Southampton,no,True
0,2,female,41.282463199669564,0,1,12.93209753352628,S,Second,woman,False,G,Southampton,no,False
0,3,male,47.133944780032195,0,2,5.0,S,Third,man,True,nan,Southampton,no,False
0,3,female,31.915505615398107,0,0,38.681336072018944,S,Third,woman,False,F,Southampton,no,True
0,3,female,13.418957587631681,1,0,11.197734733938294,S,Third,woman,False,A,Southampton,no,False
0,1,male,23.008619819720806,0,0,45.825179380570454,S,First,man,True,G,Southampton,no,True
0,1,male,53.83775083687111,0,0,17.53711706868258,S,First,man,True,C,Southampton,no,True
0,3,female,28.95358164589767,1,0,19.92319376385812,C,Third,woman,False,F,Cherbourg,no,False
0,3,male,0.0,0,0,45.14009707924882,S,Third,man,False,nan,Southampton,no,True
1,2,female,9.435071508617291,1,0,14.455647262591537,S,Second,woman,False,G,Southampton,yes,False
0,1,male,24.05771815600526,0,0,17.56256077034036,C,First,man,True,nan,Cherbourg,no,True
1,1,male,44.50155333784595,1,0,14.157305868608749,S,First,man,True,F,Southampton,yes,False
0,3,male,26.17628706630323,0,0,13.734688212168848,S,Third,man,True,nan,Southampton,no,True
1,1,male,44.76204316962564,1,0,22.39305770037199,S,First,man,True,nan,Southampton,yes,False
1,2,female,22.63372705033515,2,0,49.63297119121041,S,Second,woman,False,A,Southampton,yes,False
0,1,male,2.4999046887014162,0,0,13.471617423078971,C,First,man,False,A,Cherbourg,no,True
0,2,male,23.118143779626816,0,0,22.28618085487458,S,Second,man,True,A,Southampton,no,True
0,1,male,34.82923002164799,0,0,33.32607220300228,C,First,man,True,nan,Cherbourg,no,True
0,3,male,33.66730489077838,0,2,9.418294732027729,S,Third,man,True,nan,Southampton,no,False
1,1,female,12.428491510407103,0,0,9.752082701173306,C,First,woman,False,G,Cherbourg,yes,True
1,3,female,25.083253174747284,0,0,81.27743469951935,Q,Third,woman,False,C,Queenstown,yes,True
1,1,male,67.58543933289704,0,0,38.57008515029722,S,First,man,True,B,Southampton,yes,True
0,3,female,12.734236431843726,0,3,25.824735368780438,S,Third,woman,False,D,Southampton,no,False
1,3,female,39.250127522492484,0,0,31.299873585780563,S,Third,woman,False,C,Southampton,yes,True
1,3,male,0.6465402200228612,0,0,5.0,S,Third,man,False,G,Southampton,yes,True
0,3,female,42.09308554397527,0,0,28.878127501923856,C,Third,woman,False,nan,Cherbourg,no,True
0,2,male,17.507444537361746,0,0,21.3704427090546,Q,Second,man,False,nan,Queenstown,no,True
1,2,male,35.629235614841164,0,0,23.673206002879507,S,Second,man,True,F,Southampton,yes,True
0,3,female,11.918641575245182,0,0,13.361617111562156,C,Third,woman,False,C,Cherbourg,no,True
1,3,male,34.0719392024739,0,0,5.0,S,Third,man,True,F,Southampton,yes,True
0,3,female,17.278895859619865,0,0,6.44556188764113,S,Third,woman,False,B,Southampton,no,True
1,3,female,19.989325438467247,0,0,90.32215713568807,S,Third,woman,False,G,Southampton,yes,True
0,3,male,36.18780408953043,1,0,15.762931076192597,S,Third,man,True,nan,Southampton,no,False
0,3,female,23.974603330441774,0,1,18.859187312495713,S,Third,woman,False,G,Southampton,no,False
0,1,male,35.32534027502836,0,0,5.0,S,First,man,True,D,Southampton,no,True
1,3,male,27.328221538993088,0,1,5.0,Q,Third,man,True,nan,Queenstown,yes,False
1,3,male,30.944911537461852,1,0,37.88849227827988,C,Third,man,True,D,Cherbourg,yes,False
0,1,female,36.23121059894763,2,0,23.17185928771379,S,First,woman,False,G,Southampton,no,False
0,3,male,25.099741635724026,0,0,21.321375607581132,S,Third,man,True,D,Southampton,no,True
1,1,male,16.05530299597516,0,2,8.356696327770322,S,First,man,False,E,Southampton,yes,False
0,3,female,22.547628276982937,1,0,40.96544064804887,S,Third,woman,False,G,Southampton,no,False
1,1,female,46.73194851766811,0,0,5.526216854581142,C,First,woman,False,nan,Cherbourg,yes,True
0,3,female,31.626423177071697,0,0,6.319214135377523,S,Third,woman,False,C,Southampton,no,True
0,3,male,18.17142165225337,0,0,18.525175370499497,S,Third,man,True,nan,Southampton,no,True
0,2,male,35.62184851742806,0,0,10.117930716679005,C,Second,man,True,E,Cherbourg,no,True
0,3,male,36.556418189147934,2,0,8.529152675836604,S,Third,man,True,C,Southampton,no,False
1,3,female,37.279987061169344,4,0,31.089214048385397,C,Third,woman,False,E,Cherbourg,yes,False
0,3,male,16.310279194802,1,0,31.57807202392647,S,Third,man,False,C,Southampton,no,False
0,1,male,20.44652607999747,0,0,52.206405138717265,S,First,man,True,nan,Southampton,no,True
1,2,female,20.524390970581837,1,0,16.22352637645403,S,Second,woman,False,G,Southampton,yes,False
0,1,male,24.950929231073314,0,0,5.0,S,First,man,True,A,Southampton,no,True
0,3,female,37.544868592012286,0,0,9.59237534415004,S,Third,woman,False,nan,Southampton,no,True
1,3,female,34.14658726623419,1,0,117.3688860775181,S,Third,woman,False,nan,Southampton,yes,False
1,3,female,35.25303740020028,0,0,27.20941930911797,S,Third,woman,False,E,Southampton,yes,True
0,3,male,48.95626799320132,0,2,37.10904487753538,S,Third,man,True,nan,Southampton,no,False
1,3,male,39.644473054882816,0,2,5.0,S,Third,man,True,nan,Southampton,yes,False
1,3,female,28.014777250054777,1,1,21.907142589110737,C,Third,woman,False,F,Cherbourg,yes,False
0,1,female,13.425607535265007,0,0,5.0,S,First,woman,False,E,Southampton,no,True
0,3,female,19.996341881407815,0,0,25.26544399086393,S,Third,woman,False,C,Southampton,no,True
1,1,male,26.336129052504823,0,0,76.06232963186145,C,First,man,True,nan,Cherbourg,yes,True
1,3,female,41.60781758270559,1,0,103.6561121189309,S,Third,woman,False,D,Southampton,yes,False
0,3,female,29.617352922514694,1,0,23.33192940232165,S,Third,woman,False,nan,Southampton,no,False
1,3,female,20.813256631561796,0,1,18.38601655266545,C,Third,woman,False,C,Cherbourg,yes,False
1,1,female,19.73949959981884,0,1,87.02198839732421,S,First,woman,False,F,Southampton,yes,False
0,2,female,29.025905075102834,0,1,33.58985336654317,S,Second,woman,False,nan,Southampton,no,False
0,2,male,42.4598258710394,3,0,5.0,S,Second,man,True,nan,Southampton,no,False
0,2,male,52.27427028085164,0,0,18.805370175719997,Q,Second,man,True,F,Queenstown,no,True
1,1,male,27.11923962758465,2,0,8.242778711929606,S,First,man,True,E,Southampton,yes,False
0,3,male,29.373595469323625,0,0,19.035274072844622,S,Third,man,True,B,Southampton,no,True
0,3,male,13.00481611379664,1,0,18.234723299085417,S,Third,man,False,B,Southampton,no,False
1,2,male,57.14869596739253,1,0,26.178609740733553,C,Second,man,True,nan,Cherbourg,yes,False
1,2,male,10.385960265814825,1,0,13.237610482130254,C,Second,man,False,B,Cherbourg,yes,False
0,2,male,46.40327236492771,2,0,5.383506671102134,S,Second,man,True,B,Southampton,no,False
1,3,male,24.88529665782541,0,0,21.018415683349865,S,Third,man,True,C,Southampton,yes,True
0,3,female,21.608869086235533,0,0,53.19452975919973,Q,Third,woman,False,C,Queenstown,no,True
1,3,female,14.459949993597027,0,0,32.72041538218549,Q,Third,woman,False,D,Queenstown,yes,True
0,3,male,63.74068109169987,1,1,12.391366986183165,S,Third,man,True,G,Southampton,no,False
0,3,female,33.10088272589752,0,0,82.24341182691464,C,Third,woman,False,nan,Cherbourg,no,True
1,3,male,30.297926119456886,0,0,72.98340044897219,S,Third,man,True,B,Southampton,yes,True
0,1,male,42.41425303376359,0,0,7.0469358775336115,C,First,man,True,D,Cherbourg,no,True
0,3,male,20.888341841180516,0,0,5.0,Q,Third,man,True,nan,Queenstown,no,True
1,1,male,30.025843373234082,0,3,40.56359556970024,S,First,man,True,B,Southampton,yes,False
1,3,female,30.788708015369693,0,0,52.73992329332102,S,Third,woman,False,nan,Southampton,yes,True
1,2,female,22.829959747126136,1,0,103.1338797963832,S,Second,woman,False,A,Southampton,yes,False
1,3,male,46.7949331086028,0,0,66.17366075082988,S,Third,man,True,nan,Southampton,yes,True
0,3,male,26.938838239057343,0,1,27.528856405972277,S,Third,man,True,nan,Southampton,no,False
0,3,male,8.256151252836386,0,0,22.654018515160892,S,Third,man,False,nan,Southampton,no,True
0,3,male,25.779036910707767,0,0,5.0,C,Third,man,True,G,Cherbourg,no,True
0,2,male,33.48850140399456,1,0,8.497017280220511,S,Second,man,True,nan,Southampton,no,False
1,1,male,17.491094725573483,2,0,18.464189132160833,S,First,man,False,D,Southampton,yes,False
0,2,female,18.595672895613856,0,0,29.706507392566028,S,Second,woman,False,D,Southampton,no,True
0,1,female,22.35237346623543,1,0,24.442624292424362,C,First,woman,False,B,Cherbourg,no,False
0,3,male,47.097299240937446,1,0,40.717914409471,S,Third,man,True,nan,Southampton,no,False
1,2,female,23.179787682960114,1,1,9.84541236757631,S,Second,woman,False,B,Southampton,yes,False
0,3,male,50.00763825971443,0,0,24.96900917707495,S,Third,man,True,nan,Southampton,no,True
0,3,male,21.3906938659233,2,0,5.0,C,Third,man,True,D,Cherbourg,no,False
0,3,male,34.55019790759159,0,0,16.01594620107532,C,Third,man,True,A,Cherbourg,no,True
0,1,female,23.752602560923485,0,0,41.60813699895015,S,First,woman,False,D,Southampton,no,True
0,3,female,40.55716438406661,0,0,35.46642288222622,Q,Third,woman,False,C,Queenstown,no,True
1,3,male,14.34416183608609,0,0,140.14807392553763,S,Third,man,False,F,Southampton,yes,True
1,3,male,40.40003271408124,0,0,9.767380692807892,S,Third,man,True,G,Southampton,yes,True
0,3,female,31.59417160433557,0,0,20.68596961184167,S,Third,woman,False,nan,Southampton,no,True
1,3,male,21.04011456511571,0,0,11.993308113932901,S,Third,man,True,B,Southampton,yes,True
1,1,female,27.672899214057892,1,0,17.42688195042417,S,First,woman,False,F,Southampton,yes,False
1,3,male,51.473969174450446,1,0,58.33685902039606,S,Third,man,True,F,Southampton,yes,False
0,2,male,31.92982306833097,0,0,34.58024744137453,C,Second,man,True,nan,Cherbourg,no,True
0,1,male,20.161807777223057,1,0,64.22449714309018,C,First,man,True,E,Cherbourg,no,False
0,2,male,13.134294040406422,1,2,6.82626288479333,S,Second,man,False,nan,Southampton,no,False
0,1,male,37.07565982803396,1,1,61.99247071111865,C,First,man,True,nan,Cherbourg,no,False
1,1,female,32.7418334581496,0,0,5.0,S,First,woman,False,G,Southampton,yes,True
1,1,male,39.73028973123513,1,0,65.83864476714876,C,First,man,True,C,Cherbourg,yes,False
1,3,female,9.52885364434221,2,1,11.972883076284596,S,Third,woman,False,D,Southampton,yes,False
0,3,female,13.588353659518997,1,1,11.332038804907867,S,Third,woman,False,nan,Southampton,no,False
0,3,female,46.05630878952659,0,0,21.52864197696797,S,Third,woman,False,nan,Southampton,no,True
1,2,male,34.63878305491077,0,0,84.7494155476774,C,Second,man,True,D,Cherbourg,yes,True
1,2,male,37.46761191732587,0,0,5.0,S,Second,man,True,C,Southampton,yes,True
0,3,male,16.522381550488653,0,1,13.026632675435435,Q,Third,man,False,B,Queenstown,no,False
1,2,female,16.26617922339514,0,0,58.25766098868301,S,Second,woman,False,E,Southampton,yes,True
1,1,male,43.87762121468924,0,0,15.12813838633995,C,First,man,True,D,Cherbourg,yes,True
0,3,male,44.53728716671208,1,0,6.662706847503259,S,Third,man,True,nan,Southampton,no,False
0,1,male,14.763527181593247,1,0,16.590820701642286,S,First,man,False,G,Southampton,no,False
0,3,male,12.088813058060168,0,0,14.610953741003224,S,Third,man,False,F,Southampton,no,True
0,3,male,28.47969841002578,2,0,74.10037612224993,S,Third,man,True,B,Southampton,no,False
0,1,male,18.80912165273591,0,0,43.05626733437791,C,First,man,True,C,Cherbourg,no,True
1,1,female,18.517523693355642,0,0,21.10292968841043,S,First,woman,False,nan,Southampton,yes,True
0,3,male,12.480704550016505,1,0,133.6264812876815,S,Third,man,False,nan,Southampton,no,False
0,3,male,23.441926124074865,1,0,18.780222501958256,S,Third,man,True,nan,Southampton,no,False
0,1,male,13.834273603139879,2,0,5.0,S,First,man,False,E,Southampton,no,False
0,3,male,14.664387357870687,0,0,9.125496997778102,C,Third,man,False,C,Cherbourg,no,True
1,1,male,34.17748585192826,1,1,17.184780006621136,S,First,man,True,B,Southampton,yes,False
0,3,female,29.22722471997673,0,0,5.120184496656948,C,Third,woman,False,nan,Cherbourg,no,True
0,3,male,36.78830154144985,1,0,88.44550142561044,S,Third,man,True,F,Southampton,no,False
1,1,female,6.913531905109711,1,0,43.68205585159552,S,First,woman,False,nan,Southampton,yes,False
0,1,male,30.138328537616683,0,1,9.371015769645366,S,First,man,True,G,Southampton,no,False
0,1,male,59.058925590321735,0,0,26.806869718329807,Q,First,man,True,A,Queenstown,no,True
0,2,female,24.788185220001612,1,0,38.34464029579834,S,Second,woman,False,A,Southampton,no,False
0,1,male,41.546486092012174,0,0,85.04869962462573,S,First,man,True,nan,Southampton,no,True
0,3,male,41.424095882841925,0,0,64.01955475002195,S,Third,man,True,B,Southampton,no,True
0,1,male,42.112780512017856,1,1,21.720084274864234,C,First,man,True,nan,Cherbourg,no,False
0,3,male,32.33326361880252,0,1,44.70336466060679,Q,Third,man,True,C,Queenstown,no,False
1,3,female,37.925203758419,1,0,24.77600734259345,Q,Third,woman,False,A,Queenstown,yes,False
0,3,male,39.786190680182074,0,0,24.13603395921456,S,Third,man,True,E,Southampton,no,True
0,3,female,38.89624439640101,0,0,5.0,C,Third,woman,False,C,Cherbourg,no,True
1,2,female,14.356145570812451,1,0,5.0,S,Second,woman,False,A,Southampton,yes,False
0,3,male,6.096617244384185,0,0,22.62092303483281,Q,Third,man,False,nan,Queenstown,no,True
1,3,female,8.2498303921927,0,0,9.394572966411983,S,Third,woman,False,F,Southampton,yes,True
0,2,male,26.217760106642707,1,0,5.0,S,Second,man,True,nan,Southampton,no,False
1,1,female,38.314974281917024,0,0,38.49472349639236,S,First,woman,False,C,Southampton,yes,True
0,3,male,14.538242114837814,0,2,5.0,S,Third,man,False,nan,Southampton,no,False
0,2,female,42.93558642018166,0,0,27.136560116690866,Q,Second,woman,False,nan,Queenstown,no,True
0,1,male,22.968147556889594,1,1,23.243331062564653,C,First,man,True,A,Cherbourg,no,False
1,2,male,23.101427043282897,1,0,104.03424440714848,Q,Second,man,True,C,Queenstown,yes,False
0,2,male,18.294502057685595,1,0,19.86184978754728,S,Second,man,True,F,Southampton,no,False
0,3,female,3.6129909737721686,0,0,5.0,S,Third,woman,False,nan,Southampton,no,True
0,3,male,33.210397798085054,1,0,24.06797365737013,S,Third,man,True,D,Southampton,no,False
1,3,male,53.97734797973997,0,0,55.18368319192726,S,Third,man,True,E,Southampton,yes,True
0,1,female,29.122696670544112,1,0,172.80376919136285,S,First,woman,False,nan,Southampton,no,False
1,2,female,4.091157016272071,0,3,16.88163475702608,S,Second,woman,False,F,Southampton,yes,False
0,3,female,40.924799362630246,1,0,11.58305713636636,S,Third,woman,False,G,Southampton,no,False
0,1,female,7.252828138558151,1,0,71.14304183390976,Q,First,woman,False,G,Queenstown,no,False
0,2,female,13.073518442151403,0,2,6.3676710301671,S,Second,woman,False,D,Southampton,no,False
0,3,female,26.663265587610006,0,0,28.668798922399976,S,Third,woman,False,D,Southampton,no,True
0,1,male,31.719808139562772,1,0,15.611859233368667,S,First,man,True,D,Southampton,no,False
0,3,male,15.878703983664408,0,0,5.0,S,Third,man,False,E,Southampton,no,True
1,1,female,26.11757520807627,2,1,12.798600450303713,S,First,woman,False,E,Southampton,yes,False
0,1,female,40.012273610649586,0,2,9.245872292490171,C,First,woman,False,nan,Cherbourg,no,False
0,2,male,41.930504387312254,0,2,34.759579032057815,S,Second,man,True,nan,Southampton,no,False
0,3,male,47.5203899053997,0,0,89.15490516606023,S,Third,man,True,B,Southampton,no,True
0,3,female,56.73186113210891,0,1,9.361176921921405,C,Third,woman,False,G,Cherbourg,no,False
0,3,male,41.338450503255636,2,0,50.05429782785279,S,Third,man,True,A,Southampton,no,False
0,3,male,26.965688798340633,0,0,5.0,S,Third,man,True,A,Southampton,no,True
0,1,male,42.03039307572161,1,0,23.173570461067058,S,First,man,True,D,Southampton,no,False
1,3,male,36.53402727607255,0,0,5.0,Q,Third,man,True,nan,Queenstown,yes,True
1,3,male,37.08913768536756,0,3,81.55801582637773,S,Third,man,True,G,Southampton,yes,False
0,3,male,32.4810629910036,0,1,43.61809471547329,S,Third,man,True,B,Southampton,no,False
0,1,male,17.23124256984531,0,0,32.18394282532265,S,First,man,False,B,Southampton,no,True
1,3,female,15.60665029049298,3,0,52.1004814924466,S,Third,woman,False,A,Southampton,yes,False
0,1,male,28.640345184948004,0,0,31.28282447857699,S,First,man,True,nan,Southampton,no,True
0,2,female,32.08474106184921,0,1,104.15928124825537,S,Second,woman,False,B,Southampton,no,False
0,3,female,20.48782707895602,0,0,37.548493305992196,S,Third,woman,False,G,Southampton,no,True
1,3,male,35.92678728052005,0,0,77.57176864946744,S,Third,man,True,nan,Southampton,yes,True
1,2,female,59.13072265654865,0,0,21.840351928935593,S,Second,woman,False,F,Southampton,yes,True
0,2,male,5.579369930104394,1,0,5.0,C,Second,man,False,nan,Cherbourg,no,False
0,3,female,38.15142268589265,0,0,22.534586782194264,S,Third,woman,False,B,Southampton,no,True
0,3,male,29.076355307528658,0,2,5.0,S,Third,man,True,nan,Southampton,no,False
1,3,female,36.30917777468517,0,0,26.930950332244763,S,Third,woman,False,nan,Southampton,yes,True
0,3,male,23.969994193555923,3,0,19.761970329724203,C,Third,man,True,nan,Cherbourg,no,False
0,3,male,27.95516160933966,0,0,29.23153378799953,S,Third,man,True,G,Southampton,no,True
1,2,male,31.813006314113387,0,0,5.0,C,Second,man,True,A,Cherbourg,yes,True
0,3,female,25.77712563050635,0,2,6.501446225403898,C,Third,woman,False,nan,Cherbourg,no,False
1,2,female,8.712421556821418,0,0,20.27869955545745,S,Second,woman,False,B,Southampton,yes,True
0,2,male,26.725189570977655,0,0,90.17563689875294,S,Second,man,True,D,Southampton,no,True
0,3,female,10.169929205253284,0,0,14.516215260640143,S,Third,woman,False,nan,Southampton,no,True
0,1,male,39.14470354812433,1,0,16.568811165629977,C,First,man,True,D,Cherbourg,no,False
1,3,female,3.8823685849062874,0,0,37.62600937508117,S,Third,woman,False,C,Southampton,yes,True
